,gene,JSD,Hellinger,label,Type
0,b2688,0.00014472765759449945,0.012031339197795215,1.0,1
1,b0197,0.00014545199789808627,0.012061509804279601,1.0,1
2,b1805,0.00013784349478018052,0.011741353537923332,1.0,1
3,b4067,0.0001493670626411723,0.01222282674081252,1.0,1
4,b3610,0.0001718828090561929,0.013112036189547375,1.0,1
5,b0870,0.0001726856685123304,0.013142407090419578,1.0,1
6,b0142,0.3246327754967172,0.6554937769833745,0.0,0
7,b2430,0.0001598878505475513,0.01264560631139689,1.0,1
8,b3845,0.00014265622523361568,0.011945176755865084,1.0,1
9,b2779,0.06642046648486499,0.2642675598831133,0.0,0
10,b3793,0.016490652106267607,0.1294908182121409,0.0,0
11,b2480,0.00014647869045417839,0.012104166733094276,1.0,1
12,b0974,0.00015909223713074408,0.012614388282126984,1.0,1
13,b2600,0.3954073717028692,0.7208772469203903,0.0,0
14,b2040,0.0001463952565114704,0.012100661013669165,1.0,1
15,b3785,0.0002174475714077088,0.014746956830802462,1.0,1
16,b3493,0.00015594947916637683,0.012489262129488728,1.0,1
17,b0071,0.2901572429376299,0.6203543335394224,0.0,0
18,b2578,0.00014581365348564153,0.012076554753780028,1.0,1
19,b0789,0.00014615271694053752,0.012090329940112162,1.0,1
20,b1539,0.00013773913596673164,0.011737408386652139,1.0,1
21,b3943,0.00016209929809951347,0.012732961972999625,1.0,1
22,b4195,0.0001445117435458952,0.01202250903245753,1.0,1
23,b0931,0.0001424895546472861,0.01193810816845153,1.0,1
24,b3878,0.00015361631423411017,0.012395501746540067,1.0,1
25,b3846,0.00014149058937670464,0.011896087160697361,1.0,1
26,b3732,0.00014835554608871586,0.012181443269108657,1.0,1
27,b1479,0.00015368481623774332,0.01239819653060377,1.0,1
28,b1186,0.00013405294344059324,0.011579067751601753,1.0,1
29,b1189,0.00014225553275320279,0.011928233643000056,1.0,1
30,b4298,0.0001713808250969662,0.013092401656141676,1.0,1
31,b3729,0.3495118351695592,0.6792533710862563,0.0,0
32,b1767,0.0001693086137532646,0.013013301831973538,1.0,1
33,b2724,0.00020432775693819162,0.014296401261138895,1.0,1
34,b0306,0.00019900679844945358,0.0141090136512252,1.0,1
35,b3632,0.00014091159325289136,0.011871808432304235,1.0,1
36,b1677,0.00023662719798104928,0.015383946577849033,1.0,1
37,b3880,0.00014750766808710615,0.012146477513876257,1.0,1
38,b1727,0.00014876016285245868,0.012197848196407204,1.0,1
39,b3432,0.00013965927734986414,0.011818823926858167,1.0,1
40,b0269,0.0001609622794802072,0.01268789640589448,1.0,1
41,b2715,0.00017093608194961756,0.013075279052253199,1.0,1
42,b2995,0.0001467716352335032,0.0121158349363031,1.0,1
43,b3452,0.00013049891166523289,0.01142472819155647,1.0,1
44,b2429,0.00014720659419980827,0.012133930250289568,1.0,1
45,b4105,0.00013574322058171733,0.011652037713373432,1.0,1
46,b0827,0.00015030427726309158,0.012261076880561073,1.0,1
47,b3962,0.00013081099555244032,0.01143849477243359,1.0,1
48,b0160,0.00014552375311845963,0.012064529648187489,1.0,1
49,b1613,0.00015246483858031678,0.012348930657044037,1.0,1
50,b0268,0.00016564787726883228,0.012871648664314493,1.0,1
51,b2679,0.00014162175477766366,0.011901736963916366,1.0,1
52,b2490,0.00015607774214030203,0.012494251790274299,1.0,1
53,b0151,0.00012965566651987147,0.01138753435268958,1.0,1
54,b0934,0.0001418720414064353,0.01191220781100944,1.0,1
55,b2476,0.25480981635191347,0.5823512132801857,0.0,0
56,b1015,0.0001389311488209642,0.011788050777355048,1.0,1
57,b0376,0.00016649699068524144,0.012904758126365743,1.0,1
58,b3671,0.0001490075143079887,0.01220794163481371,1.0,1
59,b0115,0.00012756727194233956,0.011295424640378611,1.0,1
60,b2836,0.00015778040076043194,0.01256206965028093,1.0,1
61,b3161,0.00017298199072725314,0.013153783059308245,1.0,1
62,b2843,0.0001392494271403838,0.011801504489315665,1.0,1
63,b0832,0.00013925621710224225,0.01180186986065929,1.0,1
64,b4070,0.0001342281006255763,0.011586880789378601,1.0,1
65,b1064,0.00014444434632848163,0.01201943544495824,1.0,1
66,b3648,0.26708035321023027,0.5956852888460651,0.0,0
67,b0118,0.0001347694216413551,0.011610280145574395,1.0,1
68,b3222,0.0001527114177461082,0.01235887299016077,1.0,1
69,b3368,0.29547791362931053,0.6270954995436394,0.0,0
70,b2155,0.00016074534009151263,0.012679874975329703,1.0,1
71,b0606,0.00014921821591689727,0.012216412360228827,1.0,1
72,b1985,0.0001471915254424852,0.012133433042826401,1.0,1
73,b1325,0.00018171099105255688,0.013482595573621192,1.0,1
74,b2253,0.00013593818830871871,0.011659955326050986,1.0,1
75,b4192,0.0001542914776296959,0.012422703417840379,1.0,1
76,b1011,0.00013031903256732356,0.011417029489692537,1.0,1
77,b3460,0.00013907057799215385,0.011793868935570884,1.0,1
78,b3089,0.00014035801703041542,0.011848428768882915,1.0,1
79,b1738,0.0001330625656061244,0.011536435284976896,1.0,1
80,b2463,0.00014660754484384242,0.01210940128116896,1.0,1
81,b2497,0.00015976285269347245,0.012640710329821083,1.0,1
82,b2905,0.0001419385160531186,0.011915001617416885,1.0,1
83,b0684,0.012530762508926829,0.11264474944454976,0.0,0
84,b3622,0.00014343867150605163,0.011977694452712998,1.0,1
85,b1102,0.0001453403052030547,0.01205696523051021,1.0,1
86,b2687,0.0003694570543760023,0.01922397455124585,1.0,1
87,b2907,0.00014730017440626198,0.012137930707613752,1.0,1
88,b1197,0.0001528597577362,0.012365076761575123,1.0,1
89,b4209,0.00017223088956856247,0.013124834885733194,1.0,1
90,b2889,0.00015023455395016933,0.012258363273764556,1.0,1
91,b3607,0.3221364599940468,0.6530469115363569,0.0,0
92,b0032,0.03505217528811952,0.18925720729132234,0.0,0
93,b3451,0.00013867588656542716,0.011777258716064604,1.0,1
94,b3455,0.00015743554688590558,0.012548634033561516,1.0,1
95,b0888,0.00018062310012597016,0.013441040488767667,1.0,1
96,b2942,0.16947567387027737,0.47669901191278574,0.0,0
97,b3956,0.04106679221280513,0.20851225074515226,0.0,0
98,b1490,0.00018334267484236742,0.013541655457592078,1.0,1
99,b1261,0.3185338906147542,0.6498179739623464,0.0,0
100,b4297,0.00016264046838437423,0.012754103466463274,1.0,1
101,b0763,0.0001419050152160012,0.011913489176971792,1.0,1
102,b3993,0.17503709591148964,0.4774880569146152,0.0,0
103,b1488,0.0001699885758942693,0.01303917923150821,1.0,1
104,b0134,0.0009865787295139183,0.03142081384513834,1.0,1
105,b4322,0.0001313903356965056,0.011463586716189961,1.0,1
106,b2147,0.00014502626855848467,0.012043896838927374,1.0,1
107,b1535,0.00017735201764210116,0.0133187453786513,1.0,1
108,b1330,0.00016901064095070693,0.01300160613921738,1.0,1
109,b3721,0.00015450744836151853,0.012431323464523775,1.0,1
110,b3454,0.00013748685527212795,0.011726535883231536,1.0,1
111,b3849,0.0001453671298101934,0.012057672909658038,1.0,1
112,b3616,0.00015599708873536032,0.012491400286865158,1.0,1
113,b3590,0.00016555962654016756,0.012868174889648925,1.0,1
114,b1281,0.2855651778677732,0.6139807306543876,0.0,0
115,b0775,0.19609786422565562,0.508385767763955,0.0,0
116,b0312,0.0001493741339450787,0.012223089661380315,1.0,1
117,b3360,0.00027608888205528105,0.01661704362458242,1.0,1
118,b2975,0.0001754917801908696,0.013248643794416853,1.0,1
119,b2539,0.00016687962691952892,0.01291981577095263,1.0,1
120,b1599,0.0001409577444610605,0.011873803725234814,1.0,1
121,b3370,0.00015474721246570345,0.012441021609563665,1.0,1
122,b0979,0.00013135263040247203,0.011462104578805548,1.0,1
123,b2411,0.010626867614867402,0.10362812004941499,0.0,0
124,b1709,0.00014492770997394372,0.012039805185401861,1.0,1
125,b1276,0.00014997200572325163,0.012247598911469395,1.0,1
126,b2996,0.00013585781616306944,0.011657132182332572,1.0,1
127,b2095,0.00016477534551380835,0.012837835680986733,1.0,1
128,b1336,0.0001653718708506914,0.012860780866180463,1.0,1
129,b2925,0.04329398962668353,0.2201693419978945,0.0,0
130,b2049,0.00017368646767150495,0.013180557385994145,1.0,1
131,b0915,0.42771918455203023,0.7493234452424301,0.0,0
132,b0811,0.00013015104454676835,0.011409411215942255,1.0,1
133,b4123,0.0001436465477633848,0.011986334440059627,1.0,1
134,b0368,0.0001313466091995009,0.011461854662743493,1.0,1
135,b0895,0.00013290403201399032,0.011529424396032693,1.0,1
136,b2293,0.00015034143769310758,0.01226259510287902,1.0,1
137,b2507,0.26854189896379177,0.5978905918948487,0.0,0
138,b1010,0.00014221189071727947,0.01192617754723663,1.0,1
139,b4260,0.00013423094370536932,0.011587163793540549,1.0,1
140,b0347,0.00013003310401739473,0.011404242486035356,1.0,1
141,b2276,0.00013578027528285728,0.011653650918728073,1.0,1
142,b2134,0.00016953770263553844,0.013021937354430869,1.0,1
143,b2234,0.1644153563375556,0.46205991925662976,0.0,0
144,b4240,0.00017649397888821203,0.013286715519504345,1.0,1
145,b0337,0.00012397837382261778,0.011135668923814606,1.0,1
146,b0591,0.00015372891077965585,0.012399887114486686,1.0,1
147,b3390,0.0001518605980265823,0.012324422186458187,1.0,1
148,b4383,0.0001559873771444234,0.01249075843688197,1.0,1
149,b0577,0.00024587452675450827,0.015685058942088458,1.0,1
150,b1511,0.0001776201038346268,0.01332952816425159,1.0,1
151,b2146,0.00015830597844064784,0.012583289376253916,1.0,1
152,b0199,0.00014163614093869235,0.011901894252773984,1.0,1
153,b1485,0.00015831374722311242,0.012583419349905579,1.0,1
154,b0810,0.00012781233200170905,0.011306447297289612,1.0,1
155,b0641,0.4356988312790505,0.7554561513302532,0.0,0
156,b0585,0.0474683559344742,0.22671858764319347,0.0,0
157,b2306,0.00014462034619026884,0.012027042877709563,1.0,1
158,b0078,0.0001644937995944738,0.012826956373622177,1.0,1
159,b2296,0.00018587358803295214,0.013634882056955622,1.0,1
160,b2204,0.00013762410386250167,0.011732536405310367,1.0,1
161,b0350,0.00015663210419630328,0.012516634511229694,1.0,1
162,b0709,0.0001794220707675063,0.013396002113701554,1.0,1
163,b2361,0.00013382710064537289,0.011569449428814866,1.0,1
164,b2799,0.00013851787627460578,0.011770510434745106,1.0,1
165,b2615,0.23026640529792283,0.5515246407349036,0.0,0
166,b1678,0.00016282328679575398,0.01276138080668808,1.0,1
167,b3812,0.00018811137263894577,0.013716819529019198,1.0,1
168,b1651,0.00013673290143470816,0.011694443407883766,1.0,1
169,b0033,0.03810213428393788,0.19791169605166792,0.0,0
170,b1587,0.00013638914376234865,0.01167951972663041,1.0,1
171,b3117,0.0001598998719203029,0.012645937940512626,1.0,1
172,b4039,0.00018349812219621494,0.01354734043341675,1.0,1
173,b1656,0.00014448507017278666,0.01202114107915535,1.0,1
174,b4291,0.00013142482613137245,0.01146507475152852,1.0,1
175,b0867,0.00016328429608720237,0.012779713110253664,1.0,1
176,b1270,0.00015248248809062473,0.012349737536003321,1.0,1
177,b3691,0.0001464383314794056,0.012102412848344166,1.0,1
178,b3479,0.00015238991477286846,0.012345862625339318,1.0,1
179,b3290,0.00018305893818093766,0.013531443474826195,1.0,1
180,b1329,0.0001471079780547965,0.012129894235042907,1.0,1
181,b0369,0.15265414811657804,0.44881803583082797,0.0,0
182,b2388,0.00012359615595856948,0.011118289338393792,1.0,1
183,b2235,0.1784882845004064,0.4800369245230879,0.0,0
184,b4093,0.00016308995973236286,0.012772121852604372,1.0,1
185,b4208,0.0001463960852090275,0.0121006126131637,1.0,1
186,b1022,0.00013773405280631643,0.01173691874714943,1.0,1
187,b2489,0.00014995872489887192,0.012246983341485891,1.0,1
188,b4115,0.00013384159284627196,0.011570057646837177,1.0,1
189,b2877,0.00014757597962258216,0.01214929380372663,1.0,1
190,b2048,0.0001514930418982814,0.012309218560409948,1.0,1
191,b3957,0.3443461933098807,0.6747546572992668,0.0,0
192,b2557,0.43846978847565143,0.7578556145130119,0.0,0
193,b2662,0.000163225611425097,0.012777039448440056,1.0,1
194,b2422,0.03605641957064555,0.19186473574397928,0.0,0
195,b1912,0.48235570406088357,0.7940269768542987,0.0,0
196,b1513,0.00015266383996772863,0.01235709152515698,1.0,1
197,b0112,0.00012917975892064604,0.011366642079432972,1.0,1
198,b0973,0.00017344874157687227,0.013171056044934385,1.0,1
199,b0828,0.00015260978645161954,0.012354914531858954,1.0,1
200,b3476,0.00016594886014809293,0.012883422515657892,1.0,1
201,b2165,0.00013375044348770413,0.011566265167172457,1.0,1
202,b0092,0.00017319301171957933,0.013161795505494542,1.0,1
203,b3697,0.00016975921585201347,0.013030447204394915,1.0,1
204,b2406,0.0001373716735640323,0.011721804778408416,1.0,1
205,b1338,0.0001380796601696809,0.01175195747179232,1.0,1
206,b0651,0.00014502515228758121,0.01204372964708653,1.0,1
207,b3502,0.00014135952406152554,0.011890793824962184,1.0,1
208,b0511,0.00012425154848364557,0.011147468894819546,1.0,1
209,b3177,0.22701422694525114,0.5493117696932679,0.0,0
210,b0242,0.265642933032511,0.5951679219814742,0.0,0
211,b3791,0.0001411208866508194,0.011880668327829863,1.0,1
212,b1918,0.00014222241878474767,0.01192679180645627,1.0,1
213,b0261,0.00014527498458716547,0.012053823940385542,1.0,1
214,b2153,0.1977064048590481,0.5111563254443359,0.0,0
215,b1856,0.0001532502384075423,0.012380601181350344,1.0,1
216,b0067,0.00012953810830512017,0.011382374772233904,1.0,1
217,b3628,0.00013492537220750797,0.011616743699376694,1.0,1
218,b0508,0.00016584030983522133,0.01287925332329462,1.0,1
219,b1778,0.00016471644541503363,0.012835445287519773,1.0,1
220,b0578,0.00016178863547246233,0.012721138364291775,1.0,1
221,b3429,0.0001379767230869596,0.011747500430252833,1.0,1
222,b2540,0.0001348217468000346,0.01161227124507635,1.0,1
223,b1125,0.00016806047115452098,0.012964807688136843,1.0,1
224,b0726,0.00014671947046222852,0.012113959927205995,1.0,1
225,b2202,0.00014510602387431712,0.012047054444321815,1.0,1
226,b0574,0.0001474683996353593,0.012144865419093055,1.0,1
227,b0902,0.00014153861279625636,0.01189783472174417,1.0,1
228,b1245,0.00016028855633985783,0.012661385166418236,1.0,1
229,b0655,0.00013925382583744386,0.011801541946350313,1.0,1
230,b2700,0.00017053407122824218,0.013060234789046877,1.0,1
231,b0784,0.00013843946950345358,0.011767058309714081,1.0,1
232,b2752,0.3335989220243437,0.6639994263972058,0.0,0
233,b0126,0.008221261600218764,0.09100286476516241,0.0,0
234,b4290,0.00014627639802003634,0.012095700458599711,1.0,1
235,b4477,0.00015211960741401504,0.0123347631700397,1.0,1
236,b1516,0.00016394322923233336,0.01280546008524097,1.0,1
237,b4394,0.0001316768475129353,0.011476018246812193,1.0,1
238,b2241,0.00014447921860000142,0.012021188518266229,1.0,1
239,b1002,0.0001544511432957455,0.012428926912052536,1.0,1
240,b3738,0.0001611264498843465,0.012694852341008644,1.0,1
241,b1136,0.39721666808770684,0.7221707355536697,0.0,0
242,b2431,0.0001482388627171941,0.012176393821219229,1.0,1
243,b3821,0.00022974420383099314,0.015162463425925655,1.0,1
244,b4230,0.00015280895680674586,0.012362874003107111,1.0,1
245,b0819,0.00013637496330617068,0.011678749064001539,1.0,1
246,b3500,0.000138628020480643,0.011775186521844297,1.0,1
247,b2579,0.00015642070579287775,0.01250802438250638,1.0,1
248,b2465,0.00016800377450122166,0.012962856965016362,1.0,1
249,b0724,0.00015296338100361765,0.012369250346459564,1.0,1
250,b2378,0.00016408105570140652,0.012810717754400847,1.0,1
251,b2245,0.0001427671635922043,0.011949733437369362,1.0,1
252,b3634,0.2747185065766242,0.6039850308339337,0.0,0
253,b2148,0.00014793084238113696,0.012163821942540958,1.0,1
254,b2867,0.00013238555452642023,0.011506958232662609,1.0,1
255,b3805,0.23502251166353538,0.5592189735041876,0.0,0
256,b4358,0.0001398506257884275,0.011827044960350471,1.0,1
257,b2416,0.13808114161005033,0.41654086293119663,0.0,0
258,b2538,0.0001385180841243457,0.011770455218280443,1.0,1
259,b2037,0.00017410007495415218,0.013196269373353631,1.0,1
260,b1521,0.00013561059078850144,0.01164620802450681,1.0,1
261,b2198,0.00015400741341397282,0.012411253203577447,1.0,1
262,b0334,0.00013967599033648935,0.011819527500112783,1.0,1
263,b1227,0.00016764801630956048,0.012949361843737687,1.0,1
264,b1801,0.00015467339807217277,0.01243787869445644,1.0,1
265,b3517,0.00015944570399963295,0.012628157812457316,1.0,1
266,b2168,0.0001318434050173207,0.011483515272351039,1.0,1
267,b1198,0.00013478792408939207,0.011610913348378429,1.0,1
268,b1768,0.00013872543775130227,0.011779343431358846,1.0,1
269,b4024,0.00014325870461263205,0.011969948044818449,1.0,1
270,b2963,0.00018619445746667515,0.013646580184392779,1.0,1
271,b4119,0.00014111084816608116,0.011880202933228312,1.0,1
272,b2170,0.00016293851350828237,0.012765824836665055,1.0,1
273,b2129,0.00014195510348283578,0.01191542781309079,1.0,1
274,b0103,0.3020165694968607,0.6322988189300276,0.0,0
275,b2906,0.0001239341872211808,0.011133252853770275,1.0,1
276,b1444,0.00013350422186704899,0.011555490384957758,1.0,1
277,b2180,0.00016687409746058714,0.01291910506983845,1.0,1
278,b1216,0.00014886112010407731,0.012201852207779413,1.0,1
279,b1634,0.00014471457239928316,0.01203062223106423,1.0,1
280,b0864,0.00013864560949787208,0.011775901175955401,1.0,1
281,b3581,0.00014323778968860807,0.011968866667355133,1.0,1
282,b3399,0.00020591086153262962,0.014351126168154572,1.0,1
283,b0040,0.00014673219695674993,0.012114526439152885,1.0,1
284,b0052,0.292026851645165,0.6220237288926327,0.0,0
285,b3620,0.00013861081074032172,0.011774385182115373,1.0,1
286,b3626,0.00015480379386734075,0.012443232411219265,1.0,1
287,b2166,0.0001509964500040587,0.01228939927731774,1.0,1
288,b0087,0.27807705430477675,0.6083631251986914,0.0,0
289,b1019,0.00017204698512245385,0.013117923433746025,1.0,1
290,b2243,0.00014398330103909763,0.012000565699139373,1.0,1
291,b1206,0.00014569080238876787,0.012071442967001347,1.0,1
292,b4352,0.00016642133644890713,0.012901800293761026,1.0,1
293,b1208,0.2281861158022812,0.5534469639783954,0.0,0
294,b3708,0.00013531748059188208,0.011633707140254312,1.0,1
295,b2979,0.00015932549869647608,0.012623626936078368,1.0,1
296,b3417,0.00014144549957850034,0.011894172861989724,1.0,1
297,b2203,0.00013910930594992257,0.01179549108423452,1.0,1
298,b3624,0.00014699950377564645,0.012125445602048777,1.0,1
299,b2421,0.00017100623667620567,0.013078170679222175,1.0,1
300,b0617,0.00015057357914605567,0.012272002635456873,1.0,1
301,b3714,0.0001470365804636227,0.012126594578278997,1.0,1
302,b2536,0.0001317143089873353,0.011477720841096323,1.0,1
303,b2678,0.00013640090407442812,0.011680368248399966,1.0,1
304,b4122,0.00013239929179514168,0.011507491819237894,1.0,1
305,b2927,0.00017672583398321257,0.013295602933636939,1.0,1
306,b1676,0.00020415289973023254,0.014291139451908833,1.0,1
307,b0932,0.00017207165845846843,0.013119105425847445,1.0,1
308,b3974,0.18350573400203612,0.4931927487673786,0.0,0
309,b1611,0.00014789907956432223,0.012162435088809615,1.0,1
310,b1193,0.00017599085835199815,0.013267591729401505,1.0,1
311,b4226,0.010325875365593349,0.10200525896709521,0.0,0
312,b2261,0.00017276851170283007,0.013145434524656852,1.0,1
313,b2747,0.2109002107432364,0.5305847066573006,0.0,0
314,b4130,0.00016246838715878065,0.012747743947604933,1.0,1
315,b2923,0.00015087272766567292,0.012284233855074274,1.0,1
316,b1734,0.00014798278033304455,0.01216585550575217,1.0,1
317,b1737,0.00013621459166104945,0.011672221363742616,1.0,1
318,b0576,0.00016789983290645258,0.012958833926668314,1.0,1
319,b3844,0.0001479955879394693,0.012166567849768549,1.0,1
320,b4167,0.0001574062416073333,0.012547453882340421,1.0,1
321,b2528,0.00014242399111115064,0.01193533831823566,1.0,1
322,b4267,0.00017047089849489403,0.013057772262789227,1.0,1
323,b1199,0.00014397209523399639,0.012000062502696656,1.0,1
324,b3612,0.00016126525838967325,0.012699907082528892,1.0,1
325,b3028,0.0001429638724608386,0.011957750701764512,1.0,1
326,b2585,0.2558873527707789,0.5837450508127661,0.0,0
327,b3941,0.3199754819733394,0.6506221461056315,0.0,0
328,b2810,0.00015632883306998182,0.012504210695513869,1.0,1
329,b3059,0.00014648007564874692,0.012104105354760116,1.0,1
330,b2866,0.00013057087138246932,0.011427849409505156,1.0,1
331,b2676,0.0001362290141341839,0.011672929626075886,1.0,1
332,b0855,0.00016733888396863928,0.012937301827634579,1.0,1
333,b1710,0.00013695237253876576,0.011703755912327337,1.0,1
334,b0073,0.006881790112110723,0.08311538539205332,0.0,0
335,b1812,0.00040243472267758847,0.020066093248581187,1.0,1
336,b4087,0.00014099595076934491,0.011875395499065015,1.0,1
337,b4467,0.00014062131983580902,0.011859490860015446,1.0,1
338,b0243,0.2270184922043226,0.5488861801776717,0.0,0
339,b2530,0.26397206186615607,0.591622772171116,0.0,0
340,b2033,0.00013544938842243072,0.011639424362122078,1.0,1
341,b1465,0.00016147131260268072,0.012708448700830582,1.0,1
342,b0734,0.0001889302959642856,0.01374668491483866,1.0,1
343,b3073,0.00015423657817642284,0.012420490763740558,1.0,1
344,b0086,0.3676027430825315,0.695837191046108,0.0,0
345,b3958,0.2102201365811991,0.5260787795871021,0.0,0
346,b3599,0.00017105143311891711,0.013079857988670798,1.0,1
347,b2178,0.00032413597963944175,0.018015782107859292,1.0,1
348,b3212,0.00014936773108842544,0.012222838429440889,1.0,1
349,b1260,0.3139881473913023,0.6456254028512417,0.0,0
350,b3654,0.00014946631320502236,0.012226780731108772,1.0,1
351,b3397,0.00015775904229639235,0.01256161499285465,1.0,1
352,b0159,0.2707832302086328,0.5995000542351923,0.0,0
353,b2415,0.14855126745753844,0.4296171276402334,0.0,0
354,b0273,0.00016326472934525242,0.012778436693462125,1.0,1
355,b1484,0.00013479712188335086,0.011611297168381645,1.0,1
356,b1341,0.0001853837330911826,0.013617115464059762,1.0,1
357,b1238,0.00014253771307308542,0.011940153444932041,1.0,1
358,b4077,0.00013367185434620007,0.011562677215970145,1.0,1
359,b1855,0.00015342519576528208,0.012387778305670295,1.0,1
360,b0366,0.00014835478686442774,0.012181335158425954,1.0,1
361,b3196,0.0003085185252259331,0.01756664848070911,1.0,1
362,b3200,0.3932677815839805,0.7185273568602473,0.0,0
363,b2205,0.00014324195729388593,0.011969590479834239,1.0,1
364,b3546,0.00014205360098899807,0.011919828672263497,1.0,1
365,b0241,0.00017767713934996966,0.013330749870845836,1.0,1
366,b1185,0.00013600485251108468,0.01166316415946905,1.0,1
367,b1590,0.0001459802338386622,0.012083421981315618,1.0,1
368,b0905,0.00016540136829617822,0.012862167504115537,1.0,1
369,b4197,0.00015697641434920864,0.012530368003307061,1.0,1
370,b1982,0.00016983151866319698,0.01303342796876671,1.0,1
371,b3006,0.0003292752963667715,0.018147306241298813,1.0,1
372,b0583,0.08064976128699092,0.31138290854507444,0.0,0
373,b0572,0.00012236357625848468,0.011062925250053857,1.0,1
374,b2903,0.00012385915345464654,0.011130258778380524,1.0,1
375,b2280,0.00012847231845263015,0.011335660106883052,1.0,1
376,b4034,0.00014599101077742883,0.012083863153170633,1.0,1
377,b4035,0.00013030563583784363,0.01141626913280917,1.0,1
378,b0237,0.00014438086329362314,0.012016810505513106,1.0,1
379,b1223,0.00023169613757515872,0.015223474978168073,1.0,1
380,b3640,0.009934471142743134,0.10021286462062123,0.0,0
381,b4382,0.00015863097120006377,0.012596174618336464,1.0,1
382,b0856,0.0002110556707362687,0.014529193998713632,1.0,1
383,b2131,0.00014813498341986465,0.012172127169037013,1.0,1
384,b2258,0.0001379028673527315,0.011744380715240825,1.0,1
385,b3187,0.17744877254360567,0.4851039735521926,0.0,0
386,b0514,0.0001339948087076277,0.01157667249349426,1.0,1
387,b2895,0.0001351140156225846,0.011624882871063983,1.0,1
388,b2041,0.0001697424024340163,0.013029628613049496,1.0,1
389,b2023,0.19730604150033026,0.5115174641079031,0.0,0
390,b2904,0.0001457750519758955,0.012074978139522626,1.0,1
391,b0388,0.0001365866875158025,0.011688093128215438,1.0,1
392,b3856,0.00015629616562962492,0.01250312702201266,1.0,1
393,b2801,0.00014949350080839714,0.01222793930350119,1.0,1
394,b3565,0.00014201465482521433,0.011918281444234917,1.0,1
395,b3770,0.21886937450279423,0.5398924740637828,0.0,0
396,b0109,0.23473855019460022,0.5604162328450303,0.0,0
397,b4069,0.00013804109757721214,0.011750331916286971,1.0,1
398,b2440,0.00014056133056842147,0.011856989292344935,1.0,1
399,b3781,0.00017940819007438013,0.01339578725713798,1.0,1
400,b3885,0.00014500382390748398,0.012042672029477616,1.0,1
401,b2723,0.00015801402803099056,0.012571414266176797,1.0,1
402,b1636,0.0001411358518074095,0.011881155323567226,1.0,1
403,b2260,0.00014119913799328808,0.01188410950500722,1.0,1
404,b3916,0.04226554036648478,0.2179002854482964,0.0,0
405,b3730,0.18874465707089955,0.5001637497009481,0.0,0
406,b2670,0.00014820155650434688,0.012175102533220215,1.0,1
407,b3127,0.00016919069336459404,0.013008646946761196,1.0,1
408,b4096,0.0001371296138598963,0.011711344070350708,1.0,1
409,b0675,0.00014792892450776236,0.01216358444478884,1.0,1
410,b4173,0.00016861082430905954,0.012986541105503043,1.0,1
411,b2143,0.00013739674763195068,0.011722725965747534,1.0,1
412,b2935,0.00014480198145342858,0.01203419227977517,1.0,1
413,b1385,0.00014954695906361143,0.012230232956668394,1.0,1
414,b2933,0.00014823364683543298,0.012176044742016636,1.0,1
415,b0446,0.00017064311324807373,0.01306427555133946,1.0,1
416,b0428,0.00016279852969436196,0.012760467163420136,1.0,1
417,b2242,0.0001427910852131175,0.011950617518744601,1.0,1
418,b4129,0.00015999831750852035,0.012650319798107655,1.0,1
419,b0751,0.0001467055207993268,0.012113367312471437,1.0,1
420,b0339,0.0001338056033985278,0.011568431122404766,1.0,1
421,b1533,0.00013862457391451105,0.011775176994982426,1.0,1
422,b0781,0.0001514740967979057,0.012308586976370866,1.0,1
423,b0630,0.00013404173258556296,0.011578717664895651,1.0,1
424,b2484,0.0001815579856876322,0.01347564413519898,1.0,1
425,b2020,0.3349454340222461,0.6656542112665406,0.0,0
426,b0907,0.07540973931390019,0.2978267986282897,0.0,0
427,b3371,0.00013820151591847085,0.011756987219162893,1.0,1
428,b3967,0.3942541673093076,0.7194453347996356,0.0,0
429,b2093,0.00014172760747765267,0.011906245260175181,1.0,1
430,b4227,0.00014931891265058128,0.01222083547539396,1.0,1
431,b4006,0.2798149009937197,0.6084776765036515,0.0,0
432,b3503,0.00014269804274539877,0.011946755029494358,1.0,1
433,b1317,0.00015706845479695786,0.012533893551423819,1.0,1
434,b1092,0.3786454869195294,0.7059301061013914,0.0,0
435,b2533,0.04012865305756112,0.2031628625347129,0.0,0
436,b3114,0.00014491759490990386,0.012038931861169522,1.0,1
437,b1250,0.00015717747108701121,0.012538289843081666,1.0,1
438,b2283,0.00012967114330217794,0.011388449775230392,1.0,1
439,b1849,0.00014084403158889754,0.0118687834391499,1.0,1
440,b0729,0.00014989915327363797,0.012244233005443313,1.0,1
441,b0179,0.14227271542529246,0.4279168994865986,0.0,0
442,b2277,0.00013389430233329372,0.011572437816583306,1.0,1
443,b1851,0.0001598873720813893,0.01264597756963782,1.0,1
444,b3258,0.00014898832205807798,0.012207218737777671,1.0,1
445,b4193,0.00015230288290941978,0.012342214316787628,1.0,1
446,b3939,0.29429511844639916,0.6253408132828788,0.0,0
447,b0474,0.05719696129396921,0.24800454464190366,0.0,0
448,b1069,0.42047142197846166,0.7422119918724219,0.0,0
449,b2441,0.0001550468820944249,0.012452915752141556,1.0,1
450,b4238,0.00014400696475459326,0.012001523715680704,1.0,1
451,b3631,0.00014060805038902004,0.011858892360883045,1.0,1
452,b2255,0.00014029751197066427,0.011845984398268903,1.0,1
453,b0444,0.00012807984094045547,0.011318389276660207,1.0,1
454,b2232,0.0759313145099931,0.2819767536028304,0.0,0
455,b2215,0.00018628981544198647,0.01365019960788562,1.0,1
456,b0307,0.00014122757388115859,0.011884843340637719,1.0,1
457,b2156,0.00014384893687680378,0.011994980911090967,1.0,1
458,b3008,0.008798190961361266,0.09411096800794443,0.0,0
459,b2841,0.00014201474902023745,0.011918250697946518,1.0,1
460,b2994,0.00018949140210803284,0.013766741536917239,1.0,1
461,b1302,0.00016542213358344718,0.012863099056278552,1.0,1
462,b2502,0.00018617728741194102,0.013645990553435185,1.0,1
463,b1014,0.0001422831492580229,0.01192947797865852,1.0,1
464,b0590,0.20897050550442087,0.521907348047289,0.0,0
465,b2051,0.0001505436900273085,0.012270861300068615,1.0,1
466,b2519,0.00013858692194646687,0.011773011781423301,1.0,1
467,b1680,0.00017178787737593402,0.013108147690188303,1.0,1
468,b0639,0.2668987776722176,0.5956674973964324,0.0,0
469,b2308,0.00013604002336952428,0.011664843521404072,1.0,1
470,b4381,0.000136950594223503,0.01170335755068933,1.0,1
471,b0367,0.00013826799218225624,0.011759711539629783,1.0,1
472,b0515,0.0001361976381511045,0.011671503937338198,1.0,1
473,b3189,0.35570115159560933,0.6845882753513203,0.0,0
474,b0957,0.0001632510788999178,0.0127784418950976,1.0,1
475,b3336,0.00015292431107267332,0.012367385468950292,1.0,1
476,b0896,0.00015911528893635126,0.012615368241012575,1.0,1
477,b4015,0.00014990737070549336,0.012244828192461992,1.0,1
478,b2162,0.00015699579644122967,0.012531000489208455,1.0,1
479,b2026,0.3689713737066169,0.6972308621393225,0.0,0
480,b1821,0.00011976472105186198,0.01094486329973812,1.0,1
481,b3449,0.0001396424020116044,0.011818143898798244,1.0,1
482,b1478,0.00013755034033722605,0.011729272900381343,1.0,1
483,b2173,0.00017988856891582554,0.013413600229404053,1.0,1
484,b3629,0.00015066377650133458,0.012275827672386833,1.0,1
485,b3925,0.0001880011213122945,0.013712630845201294,1.0,1
486,b3951,0.0001709624094019907,0.013076671003324705,1.0,1
487,b3623,0.031457121642224944,0.17919460499398646,0.0,0
488,b1493,0.00014687445435076807,0.012120147418348161,1.0,1
489,b4196,0.00017448301664808793,0.01321061510043682,1.0,1
490,b2287,0.00013387454231449493,0.011571584325210852,1.0,1
491,b0431,0.00012834031083635607,0.01132990595688846,1.0,1
492,b0543,0.00014421219404461147,0.012009896806239274,1.0,1
493,b2551,0.06941714691919681,0.2827896158687764,0.0,0
494,b0776,0.00037672762212918713,0.019411178280142154,1.0,1
495,b2482,0.012919736151147453,0.11412128623208097,0.0,0
496,b1854,0.0001406646773794052,0.011861260721504872,1.0,1
497,b0862,0.00017319463232939506,0.013161780208936734,1.0,1
498,b0935,0.00014129418593945655,0.011887887945345219,1.0,1
499,b3092,0.00014713719760272963,0.012131380727056208,1.0,1
500,b2486,0.0001429168601129156,0.011955654015413965,1.0,1
501,b2285,0.0001381093801858004,0.011753130881615332,1.0,1
502,b4098,0.00013828490538165901,0.011760501544180199,1.0,1
503,b0777,0.001248813624625071,0.03534989565131637,1.0,1
504,b0605,0.0001536880960226566,0.012398086598417646,1.0,1
505,b0813,0.00015299492977713906,0.012370050579746284,1.0,1
506,b2765,0.00014028827913536583,0.011845438300472494,1.0,1
507,b1745,0.00015395128364226933,0.012408998030896535,1.0,1
508,b0756,0.00012112917290870065,0.011006469333313862,1.0,1
509,b2750,0.30928721326616576,0.6396049393997982,0.0,0
510,b2279,0.0001425982645517682,0.011942749570371669,1.0,1
511,b1771,0.0001493709491988002,0.01222300185183313,1.0,1
512,b1781,0.00014646003564821388,0.012103070773803409,1.0,1
513,b1517,0.00014546937591024966,0.01206226401121478,1.0,1
514,b3792,0.00012964080586710486,0.011386906068065188,1.0,1
515,b1396,0.00013827243118508375,0.011759979482560483,1.0,1
516,b0822,0.00017288741396077802,0.013149944650741211,1.0,1
517,b1967,0.00014709736806576277,0.012129464263246868,1.0,1
518,b1991,0.00014090191824908072,0.01187126722495806,1.0,1
519,b4337,0.00015200890170728352,0.012330207209124632,1.0,1
520,b1900,0.00013856063195236847,0.011772481354254967,1.0,1
521,b1009,0.00014500329455518536,0.012042781745857404,1.0,1
522,b3128,0.00011425011803067456,0.01068956642382088,1.0,1
523,b1681,0.00014507188213055353,0.012045842977091168,1.0,1
524,b2323,0.31481482474394995,0.6460587091783286,0.0,0
525,b0125,0.00014154815313709992,0.011898014413745356,1.0,1
526,b0681,0.00013270843618147778,0.01152087438058699,1.0,1
527,b1487,0.00016477049808392172,0.01283753007280812,1.0,1
528,b0698,0.00014528024196923682,0.012054378142520073,1.0,1
529,b2744,0.0001492142407641501,0.012216598455012594,1.0,1
530,b3040,0.0001409227886804842,0.011872162686919088,1.0,1
531,b0355,0.0001422204339539104,0.011927009401835083,1.0,1
532,b3614,0.00013029374540407263,0.011415654568916266,1.0,1
533,b2488,0.0001483734692323274,0.012181965586016029,1.0,1
534,b3374,0.00014894271749491035,0.012205472787992626,1.0,1
535,b2149,0.0001389421106544338,0.011788527734008581,1.0,1
536,b1386,0.00014505282902395697,0.012045023153701942,1.0,1
537,b1277,0.18395716730137068,0.49365604959238646,0.0,0
538,b4233,0.0001337558545762202,0.011566432714604499,1.0,1
539,b4356,0.00015767907916759664,0.012558300704945737,1.0,1
540,b2150,0.0001406193415612309,0.011859497840069684,1.0,1
541,b1813,0.0001382263982488869,0.011758048338681283,1.0,1
542,b2817,0.0001438922470652095,0.01199638156827571,1.0,1
543,b2024,0.33683501184958503,0.6675055997924156,0.0,0
544,b0430,0.00013355526621529427,0.011557559925346614,1.0,1
545,b0650,0.00016495791398975267,0.012845161930809857,1.0,1
546,b0404,0.00014830796486262776,0.012179402834600284,1.0,1
547,b0029,0.13726394961567606,0.42261018580290977,0.0,0
548,b1920,0.0001436389080495915,0.011986263503467149,1.0,1
549,b2371,0.00014630691527669723,0.012096624713289688,1.0,1
550,b2964,0.00014061243646371413,0.011859049757203545,1.0,1
551,b2883,0.0001290897957234101,0.011362941330942749,1.0,1
552,b3926,0.00016275389533836377,0.012758798866412069,1.0,1
553,b2690,0.00014198546712409696,0.011916786265048952,1.0,1
554,b2746,0.22882236278483767,0.5520171475502466,0.0,0
555,b2924,0.0001514299620093573,0.012306682060635803,1.0,1
556,b0622,0.0001313632095443505,0.011462215380621962,1.0,1
557,b0612,0.0001384767382304723,0.011768866803270705,1.0,1
558,b0174,0.2412736408531888,0.5641246397631335,0.0,0
559,b1907,0.0001708013523073272,0.013070419163168865,1.0,1
560,b0433,0.00013861710288020712,0.01177476548463691,1.0,1
561,b0517,0.0001326361132039067,0.01151782171553478,1.0,1
562,b0386,0.38346402774523713,0.7110148070634855,0.0,0
563,b1981,0.00014340841947371936,0.011976488859577953,1.0,1
564,b3850,0.23155539616698728,0.5560363174174953,0.0,0
565,b2309,0.00014158746430307096,0.01190026401447621,1.0,1
566,b2682,0.00013434481329774848,0.011591726658293094,1.0,1
567,b1244,0.00019245602988236267,0.013874472429319282,1.0,1
568,b2418,0.00013627786822156324,0.0116748564834807,1.0,1
569,b3605,0.00016013382245519113,0.012655520102960446,1.0,1
570,b0149,0.00014725268115337148,0.012136052434068244,1.0,1
571,b0352,0.00013478932194618332,0.011611043135212173,1.0,1
572,b0783,0.00014937713601349475,0.012223201044283403,1.0,1
573,b4485,0.0001655365637899765,0.012867651656837568,1.0,1
574,b3528,0.00014459016773956773,0.012025700806532761,1.0,1
575,b1747,0.00014653987194284377,0.01210625224070797,1.0,1
576,b3011,0.00012949904880220047,0.011380941170941046,1.0,1
577,b1298,0.00014207999487192625,0.011920931215126199,1.0,1
578,b1097,0.0001674453011624993,0.012941458720032101,1.0,1
579,b1695,0.000140601167717134,0.01185872076801267,1.0,1
580,b1397,0.0001417573625135075,0.011907337423032838,1.0,1
581,b1400,0.00014425698450838584,0.012011504111565641,1.0,1
582,b2704,0.00013390159705638617,0.011572793451965767,1.0,1
583,b1224,0.00016646945394060682,0.012903547841373448,1.0,1
584,b2132,0.00014233520349441245,0.011931620756097192,1.0,1
585,b2508,0.027873780839556966,0.16831441971190875,0.0,0
586,b4374,0.0001566260255218169,0.012516330541334506,1.0,1
587,b0954,0.43042365703499963,0.751683637599705,0.0,0
588,b4040,0.19830323725033427,0.5127815975897446,0.0,0
589,b1463,0.00013206289477159602,0.01149315521699461,1.0,1
590,b2413,0.00013374841229049362,0.011566151211612101,1.0,1
591,b3731,0.0001453810132440558,0.01205852381559777,1.0,1
592,b0031,0.29387448091900126,0.6246936067525819,0.0,0
593,b3824,0.00015777183347591157,0.012561712865415147,1.0,1
594,b0575,0.000142134947126571,0.01192330004286553,1.0,1
595,b2762,0.36555839013190594,0.6943586280298518,0.0,0
596,b1764,0.0001473895708279314,0.012141700633101828,1.0,1
597,b3784,0.00013912384844084788,0.011796013836722857,1.0,1
598,b3772,0.011455927060028959,0.10747315489305988,0.0,0
599,b4288,0.00013708591599777896,0.011709515531870347,1.0,1
600,b3437,0.0001634007751962567,0.012783957472845473,1.0,1
601,b2797,0.0001576776503372793,0.012558226983337265,1.0,1
602,b3255,0.3874588050185083,0.7136509456059387,0.0,0
603,b0757,0.000162361749444615,0.01274326746830265,1.0,1
604,b3124,0.00013760958280713948,0.011731894640170397,1.0,1
605,b4169,0.00015335414901054194,0.012384687870960467,1.0,1
606,b2803,0.00013266558348129742,0.011519222584474006,1.0,1
607,b1442,0.00014859755550383048,0.01219104083929572,1.0,1
608,b3478,0.00016664136690528478,0.012910332097603484,1.0,1
609,b0914,0.28910998023009404,0.6198928027780274,0.0,0
610,b1990,0.00014741320110895248,0.012142577455804862,1.0,1
611,b4513,0.00018078097304671337,0.013446925710922441,1.0,1
612,b2987,0.00017023549149107383,0.013048557895757854,1.0,1
613,b2529,0.00016831391287914173,0.012974803915121232,1.0,1
614,b2206,0.00018445449714258385,0.013583035966200509,1.0,1
615,b1006,0.0001405796997303285,0.011857309487161157,1.0,1
616,b3990,0.17890043998163238,0.48932192256134044,0.0,0
617,b1486,0.0001671873863274801,0.012931532513591767,1.0,1
618,b1612,0.00015049937308076052,0.012268793812478402,1.0,1
619,b3752,0.00013395265200627293,0.011575016324360126,1.0,1
620,b4407,0.25793110208860626,0.5859111471425166,0.0,0
621,b3116,0.0001587830388538462,0.012602010229304163,1.0,1
622,b1897,0.000145898073743055,0.012079901186296479,1.0,1
623,b2019,0.26125569613614674,0.5875424708921576,0.0,0
624,b1246,0.0001507997728792601,0.012280920369212524,1.0,1
625,b3248,0.00016971646796980078,0.013028773308649363,1.0,1
626,b1059,0.0001503993041175086,0.012264975201465241,1.0,1
627,b3568,0.0001253916887138391,0.011198605255996879,1.0,1
628,b2221,0.0001446531252720505,0.012028394686677598,1.0,1
629,b2485,0.0001692893882469499,0.013012479640033903,1.0,1
630,b3480,0.0001597848378221457,0.01264186276752867,1.0,1
631,b1440,0.00016948968442065125,0.013020305644173712,1.0,1
632,b0624,0.00013080200607573173,0.011437751468662851,1.0,1
633,b2247,0.00014862931948668348,0.012192397729775097,1.0,1
634,b3457,0.00013682729743162754,0.011698377399236827,1.0,1
635,b0351,0.00018858346912986512,0.013734539145660673,1.0,1
636,b1308,0.00013641148781013513,0.011680796893188915,1.0,1
637,b0365,0.00015223406151991287,0.012339554939567073,1.0,1
638,b2021,0.43866506444786235,0.7589891431499,0.0,0
639,b3389,0.22920562266218847,0.5536276684541722,0.0,0
640,b3496,0.00015333185304552968,0.012383637023298935,1.0,1
641,b4120,0.0001658658224546375,0.012880080432220376,1.0,1
642,b1264,0.2570684243628977,0.5843956095583456,0.0,0
643,b0697,0.00013937316740956086,0.011806778946017378,1.0,1
644,b1390,0.00014626603965633782,0.01209522744419801,1.0,1
645,b2601,0.00016510372642,0.012850622370881404,1.0,1
646,b3747,0.00017409998371338672,0.013195995782250213,1.0,1
647,b3736,0.00015554461225203079,0.012473220876120022,1.0,1
648,b2200,0.00014096501075379385,0.011874060867962671,1.0,1
649,b3619,0.00016014518345328532,0.012656169361132013,1.0,1
650,b3052,0.00014926999411301724,0.012218896298244809,1.0,1
651,b1098,0.1983230540922561,0.5154181414057605,0.0,0
652,b1605,0.0001377914901482737,0.011739341325016382,1.0,1
653,b2721,0.00016373486341672686,0.012797060731118913,1.0,1
654,b2014,0.00016698514951679708,0.01292344492169805,1.0,1
655,b2818,0.3180538536024561,0.649658192929674,0.0,0
656,b3409,0.0001357818879332282,0.011653238646557028,1.0,1
657,b0420,0.20565422260659605,0.5209566233823724,0.0,0
658,b4041,0.40223346710194857,0.7230444111255472,0.0,0
659,b0088,0.1552373418231198,0.449975868265926,0.0,0
660,b4160,0.2622009444658675,0.5904702320997832,0.0,0
661,b0586,0.0001414991291550667,0.011896392557655108,1.0,1
662,b2328,0.00014132305637997393,0.011889134628653224,1.0,1
663,b0475,0.008073507673161914,0.09014090542261571,0.0,0
664,b2842,0.00018861090420905076,0.013734943159551611,1.0,1
665,b1473,0.00014028042069904608,0.01184521634974952,1.0,1
666,b3208,0.00014841845059203955,0.012183886128773563,1.0,1
667,b3265,0.000142192973271952,0.011925679212225865,1.0,1
668,b4111,0.00014252670958226553,0.011939544250704943,1.0,1
669,b0414,0.29510993046456063,0.6266788383106318,0.0,0
670,b4033,0.00013724055532332406,0.01171617853676511,1.0,1
671,b1857,0.000151723396760942,0.012318512169361171,1.0,1
672,b4138,0.00016596134650941042,0.01288353251400679,1.0,1
673,b2957,0.00015664156751536335,0.012516901587944076,1.0,1
674,b0945,0.05238140394121085,0.23805942391489304,0.0,0
675,b2787,0.0001464961871167574,0.012104900061031381,1.0,1
676,b0485,0.00018603121449878787,0.013640621268985957,1.0,1
677,b3553,0.00015136024359104443,0.012304214125912883,1.0,1
678,b3433,0.2048692223365649,0.5243667639000527,0.0,0
679,b3642,0.254872705293131,0.5833791769315668,0.0,0
680,b2587,0.00013820941006529314,0.01175739696312605,1.0,1
681,b1326,0.00014467234289916223,0.012029076208905221,1.0,1
682,b0925,0.00016069125493256908,0.012677269481795534,1.0,1
683,b2500,0.00021768616463296885,0.014757500272221296,1.0,1
684,b0758,0.00017564683554036975,0.01325456502674198,1.0,1
685,b3734,0.0001578944481440787,0.012566533480245622,1.0,1
686,b2366,0.000143156750561209,0.011965937477744578,1.0,1
687,b3876,0.00013814829582712386,0.011754517369388437,1.0,1
688,b1232,0.0001271704869739917,0.011277986621464729,1.0,1
689,b2315,0.30091497127971417,0.6307295088969954,0.0,0
690,b3253,0.0001557908426688919,0.012482895741623897,1.0,1
691,b1616,0.00015593322778765362,0.012488514305473396,1.0,1
692,b3633,0.22186944150995103,0.5446048406154883,0.0,0
693,b3564,0.0001329134886973826,0.011529817196625203,1.0,1
694,b2097,0.00016747881859661065,0.012942683167027623,1.0,1
695,b2802,0.00013932555529449627,0.011804846031058984,1.0,1
696,b0677,0.00015693627954668787,0.012528628341419889,1.0,1
697,b1378,0.00016854034590813908,0.012983598383366496,1.0,1
698,b0003,0.3723514279217808,0.7000370036385734,0.0,0
699,b0110,0.0001594651340166938,0.012628806472996546,1.0,1
700,b1225,0.00014106607641387996,0.011878412781551306,1.0,1
701,b3061,0.00013437415849213157,0.011592953449045486,1.0,1
702,b0688,0.00014636673247736366,0.012099160250853593,1.0,1
703,b3870,0.3180043902689267,0.6494171249217899,0.0,0
704,b3627,0.00014642668787393068,0.012101832443894069,1.0,1
705,b0693,0.00015681718486714035,0.012523763125785197,1.0,1
706,b3823,0.0001588360635983769,0.012604140932700274,1.0,1
707,b1448,0.00014173302612037063,0.01190626498631049,1.0,1
708,b3809,0.39506649159451995,0.7217980390345665,0.0,0
709,b3789,0.0001599887663899096,0.012649866263704054,1.0,1
710,b4020,0.00015142340919708117,0.012306620782771912,1.0,1
711,b3572,0.00014557081774984367,0.012066465668213287,1.0,1
712,b4117,0.00014538966428676725,0.01205905604609877,1.0,1
713,b2199,0.0001411527100715189,0.01188193065774575,1.0,1
714,b0785,0.00015226000827026634,0.012340632234477568,1.0,1
715,b0123,0.00014896040971657502,0.012205954921393045,1.0,1
716,b2499,0.24781024932352352,0.5732351712258612,0.0,0
717,b3582,0.00015484939654185776,0.012444690690478042,1.0,1
718,b3396,0.0001657246301118652,0.012874733796998347,1.0,1
719,b2660,0.00015475867373974472,0.012441471126831196,1.0,1
720,b1021,0.00013149208981027722,0.011467966097953261,1.0,1
721,b1514,0.00012687659374557343,0.011264715401631572,1.0,1
722,b2738,0.00015114983484977357,0.012295183486026167,1.0,1
723,b2722,0.00015566908664087925,0.012478118579111672,1.0,1
724,b1467,0.00015066080725073744,0.012275265775006452,1.0,1
725,b4261,0.4363580868018499,0.7564676567490987,0.0,0
726,b2552,0.00013692771153905387,0.011702807170141407,1.0,1
727,b1524,0.0001487657009827756,0.012197877679622653,1.0,1
728,b1387,0.00015378568802029154,0.012402400092834024,1.0,1
729,b3997,0.20084868932689998,0.5165732022341717,0.0,0
730,b0918,0.16368953795995866,0.4582307971728681,0.0,0
731,b2478,0.4006022113595069,0.7259411697755985,0.0,0
732,b3172,0.3138235109472316,0.6441221851188149,0.0,0
733,b0929,0.00016802854124301197,0.012964014895467287,1.0,1
734,b1096,0.00014900463053587557,0.012207625193405387,1.0,1
735,b2316,0.3178605080568572,0.6495692483809679,0.0,0
736,b2599,0.30589284132651795,0.6369448022499907,0.0,0
737,b3867,0.00013505322299393242,0.011622323484370036,1.0,1
738,b3034,0.0001543551521405856,0.012425122957263982,1.0,1
739,b0849,0.00015798033157469755,0.012569932138257278,1.0,1
740,b2284,0.00013723980693389909,0.011716112798851479,1.0,1
741,b3458,0.0001606771163626794,0.012677034271171868,1.0,1
742,b1858,0.00014751321575870127,0.01214671327777839,1.0,1
743,b1525,0.00013289469260879024,0.01152907460751493,1.0,1
744,b0507,0.00014920345221298994,0.01221607377110526,1.0,1
745,b3670,0.0001690299755630048,0.013002266641145592,1.0,1
746,b1589,0.00014756850578395657,0.012149039842860898,1.0,1
747,b0096,0.2922533716555434,0.6225506779496782,0.0,0
748,b0841,0.00015880208314556025,0.012602944348255183,1.0,1
749,b1852,0.00013424972199324077,0.011587587813843078,1.0,1
750,b2307,0.00013650710254522626,0.011684771589541539,1.0,1
751,b0348,0.00013824103874185032,0.011758709018956292,1.0,1
752,b3412,0.0010348043887578422,0.032185644735815415,1.0,1
753,b1927,0.00014529543609483568,0.012055127002673255,1.0,1
754,b3430,0.00012856131603993393,0.011339378661252446,1.0,1
755,b2407,0.000153997668674021,0.012410948911041183,1.0,1
756,b4515,0.0001677545976657374,0.012953081675863754,1.0,1
757,b1489,0.00014214901115864454,0.011923884304224823,1.0,1
758,b0839,0.0001585538826346426,0.01259294684543771,1.0,1
759,b0480,0.00013597179514823865,0.011661684802935945,1.0,1
760,b1528,0.00014693595741293734,0.012122999516143793,1.0,1
761,b0421,0.2546854794314456,0.58226253864303,0.0,0
762,b0854,0.00015873916739974063,0.012600209082540113,1.0,1
763,b4392,0.00015926147636901108,0.012621327206507136,1.0,1
764,b1200,0.00013669415545211367,0.011692689671150898,1.0,1
765,b2222,0.00015499931673900068,0.012451113740570742,1.0,1
766,b2668,0.00017833715636056126,0.01335586340311911,1.0,1
767,b0842,0.00016053138768850448,0.012671324788852615,1.0,1
768,b2947,0.0001809977562746006,0.013454830534716297,1.0,1
769,b0494,0.00014597836096331252,0.012083202652792242,1.0,1
770,b1008,0.00015390847730495675,0.012406980566189597,1.0,1
771,b0048,0.0075301097151032744,0.08709612377453169,0.0,0
772,b3959,0.360421096289283,0.6892445473379907,0.0,0
773,b0928,0.0001495071059470559,0.012228505988433771,1.0,1
774,b3877,0.0001545738736935297,0.012434025896127627,1.0,1
775,b1759,0.00015706613965591363,0.012533649004762316,1.0,1
776,b1622,0.00017341962835456983,0.013170208726254315,1.0,1
777,b3733,0.0001490798288364251,0.012210759150437313,1.0,1
778,b0516,0.00013656836075283494,0.011687480864224286,1.0,1
779,b4214,0.3756653751277465,0.7033583839596335,0.0,0
780,b2103,0.00032306138563803895,0.017976376197320242,1.0,1
781,b1794,0.0001631776526467,0.012775087479695262,1.0,1
782,b4154,0.00013914757082929226,0.011797351698363379,1.0,1
783,b1646,0.00016710778591965515,0.012928275191526001,1.0,1
784,b0723,0.00015633562196363154,0.012504640516823904,1.0,1
785,b0679,0.0001684386276803183,0.012979349670929879,1.0,1
786,b1249,0.00012718234202127135,0.01127849811169712,1.0,1
787,b0903,0.00017986253085102956,0.013412522331022995,1.0,1
788,b0589,0.19080135590590386,0.501368033237291,0.0,0
789,b2302,0.0001663207725150887,0.012897964693186725,1.0,1
790,b0008,0.00016894814430202723,0.012999390725925125,1.0,1
791,b3093,0.00013792942689158622,0.011745298141399548,1.0,1
792,b4064,0.00018457737727331063,0.013587463061575364,1.0,1
793,b2177,0.00019184108157493373,0.01385204909093778,1.0,1
794,b3656,0.00012885976456547782,0.011352596486800502,1.0,1
795,b4262,0.44596409402036863,0.7631686182853128,0.0,0
796,b2542,0.000146057176138234,0.01208665715385338,1.0,1
797,b3091,0.00014421872889166945,0.012010111691525292,1.0,1
798,b1919,0.00013636414656754116,0.011678742268340961,1.0,1
799,b3728,0.00017437831926190732,0.013207373891542126,1.0,1
800,b0030,0.00014512792801306924,0.01204816350608349,1.0,1
801,b4014,0.00018166627846635529,0.013479653002332993,1.0,1
802,b3551,0.00014265243232069005,0.011944664828001545,1.0,1
803,b3018,0.31395167639679517,0.6443143777834925,0.0,0
804,b2342,0.00017202910401366208,0.013117572250541214,1.0,1
805,b3281,0.011142865919796238,0.10612461189668188,0.0,0
806,b0340,0.00013585889077045142,0.011656963422305733,1.0,1
807,b3881,0.00014928164657313756,0.012219349248308097,1.0,1
808,b2675,0.00014515044117690981,0.01204883045967596,1.0,1
809,b0074,0.25219386108464403,0.5786032089006212,0.0,0
810,b1600,0.0001352102407836983,0.01162875511017536,1.0,1
811,b0124,0.00014524096068360443,0.012053007580603025,1.0,1
812,b1740,0.12519016441345382,0.40557271606723216,0.0,0
813,b3526,0.00014940474281830525,0.012224353177523458,1.0,1
814,b3579,0.00013463130248065326,0.011604226011795178,1.0,1
815,b2515,0.25472483174051697,0.5819224479848724,0.0,0
816,b0451,0.00018970554727689367,0.01377462990293277,1.0,1
817,b4013,0.39193434668894844,0.7179551396269065,0.0,0
818,b3748,0.00016468462547912768,0.01283423541583528,1.0,1
819,b3664,0.00015342378677855523,0.012387595878629885,1.0,1
820,b3825,0.00013424918340295834,0.011587620674204067,1.0,1
821,b3426,0.00016701037380038332,0.012924673290502994,1.0,1
822,b3650,0.06678528828644775,0.2799230978589435,0.0,0
823,b3589,0.00018687464750316457,0.013671316944993253,1.0,1
824,b0696,0.00014380157653563498,0.011992754126595086,1.0,1
825,b1992,0.00013692121125775155,0.011702373602005423,1.0,1
826,b1621,0.00012838045147431934,0.011331565066585746,1.0,1
827,b3600,0.00014750615708118415,0.012146337600638771,1.0,1
828,b1007,0.00014053705466590658,0.011855821294266471,1.0,1
829,b2912,0.00015047302225142627,0.012267511557863594,1.0,1
830,b3816,0.00014389542067368426,0.011996853307152831,1.0,1
831,b2663,0.00013635503134160393,0.011677936587816247,1.0,1
832,b0152,0.00013830939612644564,0.011761502057122328,1.0,1
833,b0037,0.00014055965468993004,0.01185698029307313,1.0,1
834,b2210,0.00014150386714435046,0.011896468358092183,1.0,1
835,b1243,0.00016713034838749258,0.012928906839969084,1.0,1
836,b2976,0.0001609188067027102,0.012686666362293016,1.0,1
837,b2091,0.0001375262654650412,0.011728350206120319,1.0,1
838,b4198,0.00015690587090318606,0.012527421417489417,1.0,1
839,b1107,0.00013891754712609005,0.011787416815594635,1.0,1
840,b3588,0.00015289876058891078,0.012366314189449869,1.0,1
841,b0047,0.00017058693262680618,0.013061925535558934,1.0,1
842,b1263,0.3419171842816734,0.672155628597364,0.0,0
843,b4151,0.00017568874846651242,0.013256144990187693,1.0,1
844,b0731,0.00013722964995781988,0.011715428172720331,1.0,1
845,b1449,0.00013685401279898922,0.01169943584716019,1.0,1
846,b2871,0.0001465673840262838,0.012107710242185632,1.0,1
847,b1850,0.00015359779941347373,0.012394884671425356,1.0,1
848,b1106,0.0001478802323251418,0.012161697405783671,1.0,1
849,b2310,0.00014183700123788102,0.011910724780753265,1.0,1
850,b2800,0.00016126492786644182,0.012700065659595175,1.0,1
851,b0131,0.0005332843069762031,0.0230986812235859,1.0,1
852,b2034,0.00012796236394238612,0.011313140818459329,1.0,1
853,b2240,0.00013575274051495702,0.011652421673851115,1.0,1
854,b0837,0.00012175632219469806,0.011034818260812132,1.0,1
855,b2926,0.07162374342610212,0.2817651293404067,0.0,0
856,b1297,0.00013100704333881722,0.011446548615805161,1.0,1
857,b0182,0.2504600279229864,0.5778797010827198,0.0,0
858,b1192,0.00017425831018925197,0.013202089997229846,1.0,1
859,b2683,0.0001515472349334707,0.01231158324286437,1.0,1
860,b3608,0.024375752060907793,0.15750068253123556,0.0,0
861,b0171,0.012184865462675165,0.11099441426246327,0.0,0
862,b0007,0.0001329343302491108,0.011530800525462247,1.0,1
863,b0809,0.00012774907411481257,0.01130380371213966,1.0,1
864,b2423,0.03157028019742248,0.17962687979379013,0.0,0
865,b1210,0.2881771068038143,0.6185693668933153,0.0,0
866,b0072,0.3230420845945122,0.654103620458405,0.0,0
867,b1819,0.00013772989785341828,0.01173705906458669,1.0,1
868,b2066,0.00015575751593510813,0.012481448973954912,1.0,1
869,b0150,0.00014235933117003684,0.011932666937976153,1.0,1
870,b2029,0.00016950680403956742,0.01302061999754067,1.0,1
871,b0894,0.00012708889735404087,0.011274353626848616,1.0,1
872,b3041,0.13819882401835654,0.4281402197798592,0.0,0
873,b0592,0.20874067255900475,0.5201751149266522,0.0,0
874,b1113,0.0001338177323254962,0.011568683718940632,1.0,1
875,b3942,0.0001418994089417003,0.01191298418584574,1.0,1
876,b2435,0.00016282070830797495,0.012761406322259148,1.0,1
877,b0493,0.0001882597374664478,0.0137225705688359,1.0,1
878,b1090,0.00015308038280941057,0.012373713699806438,1.0,1
879,b2036,0.00013423201371097972,0.011586676800978605,1.0,1
880,b0829,0.0001352965274072157,0.011632929447225538,1.0,1
881,b3991,0.2685974721608134,0.5975634805611149,0.0,0
882,b3786,0.00013271382833609862,0.011521291519924034,1.0,1
883,b0091,0.4486496674823949,0.765633497001077,0.0,0
884,b0099,0.00015175373906525043,0.012319985307480677,1.0,1
885,b4072,0.00014275601190314791,0.011949277208542082,1.0,1
886,b0871,0.00014601364850727255,0.01208482396923384,1.0,1
887,b1588,0.00014780557229397814,0.012158771584135223,1.0,1
888,b2175,0.0001520565688118213,0.012332319443423606,1.0,1
889,b3722,0.000172539843289698,0.013136905069223985,1.0,1
890,b3653,0.00014960925608338072,0.012232735636579818,1.0,1
891,b0874,0.0001584216853614635,0.012587667647405895,1.0,1
892,b0154,0.152065295475727,0.44626562745974163,0.0,0
893,b0996,0.00015759904399208213,0.012554991302686449,1.0,1
894,b3201,0.39447111118054556,0.7204456170317032,0.0,0
895,b1654,0.00015780323927251687,0.012563440316476524,1.0,1
896,b1398,0.0001358191746661289,0.011655162194931413,1.0,1
897,b0767,0.00015409405823244962,0.01241454769669694,1.0,1
898,b3580,0.0001397777413311011,0.011823844813502809,1.0,1
899,b2492,0.00017145153869162937,0.013095182660484933,1.0,1
900,b2458,0.00015856548589549886,0.01259334856429816,1.0,1
901,b0356,0.00014188322118114226,0.011912641700056565,1.0,1
902,b4460,0.0001320830106730033,0.011493798794080173,1.0,1
903,b1131,0.2719838676336395,0.6002131970577285,0.0,0
904,b3115,0.0001373695954878917,0.011721534479218325,1.0,1
905,b2424,0.03932618338548151,0.20007290390882235,0.0,0
906,b2297,0.00013909175808190496,0.011795055861972702,1.0,1
907,b1285,0.00013803581320281517,0.01175008829164662,1.0,1
908,b4478,0.00013834025403664874,0.011763014427123183,1.0,1
909,b0604,0.00013702849863124345,0.011706747363883677,1.0,1
910,b2835,0.00014207833476926184,0.011920921949687201,1.0,1
911,b1873,0.0001260663338288968,0.011228980915539795,1.0,1
912,b2487,0.0001761238657558484,0.013272567765820009,1.0,1
913,b3057,0.00017092663387295904,0.013075182532792237,1.0,1
914,b3469,0.00014425259822841287,0.012011733253107865,1.0,1
915,b2464,0.0001932211814018543,0.013902042064285493,1.0,1
916,b0910,0.000150000684946369,0.012248490680167328,1.0,1
917,b3005,0.00031843366338849325,0.017846542240455142,1.0,1
918,b4071,0.00013408691339204587,0.01158061851468917,1.0,1
919,b2379,0.00016833464371982532,0.012975575205106605,1.0,1
920,b2789,0.00013729870145403125,0.011718551212718892,1.0,1
921,b4242,0.0001556568288621734,0.012477477678620102,1.0,1
922,b1126,0.00015091103210496668,0.012285701917103153,1.0,1
923,b4100,0.0001345040614819795,0.01159878565542399,1.0,1
924,b1619,0.00015794170225743524,0.01256882790188897,1.0,1
925,b0831,0.00016060316498505984,0.012674247227840914,1.0,1
926,b1466,0.00019325963303637453,0.013903230603346979,1.0,1
927,b4053,0.0001533420192682786,0.0123842759442619,1.0,1
928,b4131,0.0001472142516304668,0.012134323156872608,1.0,1
929,b2167,0.00014334512441883815,0.011973904991387315,1.0,1
930,b0978,0.00015626876240118427,0.012502079582971832,1.0,1
931,b3992,0.2270889958374861,0.550486157283642,0.0,0
932,b2047,0.00014166644033934646,0.011903668708083515,1.0,1
933,b2265,0.00014961110524893895,0.012232881584837974,1.0,1
934,b2197,0.00014861580819842032,0.012192011694581261,1.0,1
935,b0529,0.026421240436931514,0.16422686268731207,0.0,0
936,b3744,0.0001432657564439956,0.01197044121773257,1.0,1
937,b0046,0.00015503505785274054,0.012452624403174435,1.0,1
938,b1252,0.01368821195769859,0.11743923317937871,0.0,0
939,b1818,0.00015684546232116065,0.01252504232576055,1.0,1
940,b4244,0.00016361161587156206,0.012792315802143888,1.0,1
941,b1704,0.00015491197789134552,0.012447335284318952,1.0,1
942,b0774,0.0008363986342801868,0.02893251481693661,1.0,1
943,b1682,0.0001364344411340051,0.011681311884307245,1.0,1
944,b3924,0.0001373518662623916,0.011720831748226456,1.0,1
945,b2873,0.00013879740841627968,0.011782264219551773,1.0,1
946,b2436,0.00013692085075812108,0.011702531922883366,1.0,1
947,b3826,0.00014552980556463148,0.012064546363129963,1.0,1
948,b0733,0.00814824831597704,0.09048015982642037,0.0,0
949,b2239,0.00015244237986654686,0.012347946793832653,1.0,1
950,b2558,0.00017936197795890259,0.013393744431491205,1.0,1
951,b2027,0.00013958170288109575,0.011815499808601092,1.0,1
952,b1215,0.21591089451189416,0.5367945140292381,0.0,0
953,b0238,0.00015819214041635116,0.012578744149195803,1.0,1
954,b3774,0.23408706202374757,0.5567210014701284,0.0,0
955,b2518,0.00016972871174615852,0.013028995477853354,1.0,1
956,b1380,0.00013672558223827436,0.0116940706037457,1.0,1
957,b1300,0.00015431053437570209,0.012423572765475725,1.0,1
958,b0089,0.41023901018998,0.7331567411886827,0.0,0
959,b1693,0.2547431472684706,0.5816617041422137,0.0,0
960,b3693,0.0001474975069213166,0.012145883241295428,1.0,1
961,b2312,0.37463537068008834,0.7022925600086141,0.0,0
962,b3917,0.00013559733292818605,0.011645661391224206,1.0,1
963,b1288,0.14180931717324832,0.43256191727253845,0.0,0
964,b2919,0.00014069744979567218,0.011862819072601442,1.0,1
965,b1377,0.00016549113972531002,0.012865607573993921,1.0,1
966,b3927,0.00014826436058174507,0.012177501681521255,1.0,1
967,b1683,0.000141242555796437,0.011885498081652596,1.0,1
968,b1095,0.00012233104973269655,0.0110611953803988,1.0,1
969,b0722,0.00019236501322628468,0.0138710545579282,1.0,1
970,b3882,0.00014331601273727683,0.011972702100085485,1.0,1
971,b3994,0.21207602652246266,0.5244961194218344,0.0,0
972,b2251,0.00018071221836119035,0.013444546467794154,1.0,1
973,b4032,0.00014472699277344458,0.012031344173000993,1.0,1
974,b0524,0.3622036689295106,0.6920568376751791,0.0,0
975,b2954,0.0001308482420888625,0.011440079336745295,1.0,1
976,b1733,0.0001448907348422856,0.012038277244000806,1.0,1
977,b4384,0.00012795157808238083,0.011312787956568175,1.0,1
978,b3566,0.00014458937314603052,0.012025766239710113,1.0,1
979,b0826,0.0001511260254071907,0.0122942720650052,1.0,1
980,b1190,0.0001646082118835078,0.012831130597664988,1.0,1
981,b1692,0.00014329059185249813,0.01197161895343679,1.0,1
982,b3453,0.000145758345787916,0.01207409576743968,1.0,1
983,b2164,0.00014657947717418467,0.01210826084973568,1.0,1
984,b3001,0.00015317066798402513,0.012377500454042784,1.0,1
985,b1779,0.12610794519796098,0.39957088071292146,0.0,0
986,b3679,0.00013807057500489514,0.011751575073192622,1.0,1
987,b3367,0.00015228040992886876,0.012341070985256152,1.0,1
988,b0937,0.00016718775300575685,0.01293136283319835,1.0,1
989,b1483,0.00013785382150528,0.011742540898961134,1.0,1
990,b1388,0.0001375830702583627,0.011730603322388405,1.0,1
991,b2920,0.00013443281917992453,0.011595654892605467,1.0,1
992,b2703,0.00014204635323073825,0.01191953152729145,1.0,1
993,b3070,0.00014374259083577848,0.011990482245194592,1.0,1
994,b2262,0.00015113969532029066,0.012295157829688166,1.0,1
995,b0908,0.20989098954721394,0.5310273294155428,0.0,0
996,b0863,0.00015592090341370556,0.01248806699748922,1.0,1
997,b0155,0.00014659071474392574,0.012108498214386455,1.0,1
998,b3032,0.0001842350197838037,0.013574518685359568,1.0,1
999,b3662,0.0001480233568913825,0.012167837474137298,1.0,1
1000,b2154,0.0001513776421190971,0.012304826959802992,1.0,1
1001,b0222,0.00015532612749550733,0.012464297806090426,1.0,1
1002,b0068,0.00014033573362550047,0.01184737572705984,1.0,1
1003,b1476,0.0001630313193849754,0.012769401285251697,1.0,1
1004,b0778,0.001629341744965377,0.04038746111495573,1.0,1
1005,b2278,0.00014351258836652314,0.011980933567030356,1.0,1
1006,b3256,0.44176494790942006,0.7633201574916751,0.0,0
1007,b1207,0.059330858683944325,0.2531414456951155,0.0,0
1008,b2965,0.0001517479801817046,0.012319543753045168,1.0,1
1009,b2937,0.0001255299845688585,0.011205040393863644,1.0,1
1010,b2702,0.0001478851941613856,0.012161963517065997,1.0,1
1011,b3788,0.0001532361720366938,0.012379801005840432,1.0,1
1012,b2303,0.00015852696337902088,0.012591996738294642,1.0,1
1013,b3860,0.00012654604450868835,0.011250406034258982,1.0,1
1014,b0593,0.000147345278284023,0.012139669117962507,1.0,1
1015,b1602,0.0001456371437309693,0.012069034108705764,1.0,1
1016,b2291,0.00015679282033865388,0.012522900838352781,1.0,1
1017,b1278,0.00015088129108972893,0.012284607605942011,1.0,1
1018,b4213,0.00014080444445473654,0.011867385771765143,1.0,1
1019,b1119,0.0001476825259214045,0.01215368853578131,1.0,1
1020,b1711,0.0001441981700982784,0.012009454176889596,1.0,1
1021,b1134,0.00013241572493767425,0.011508356979695437,1.0,1
1022,b2257,0.0001622333899282535,0.012738450204202063,1.0,1
1023,b4386,0.00014324935812571148,0.011969889388137351,1.0,1
1024,b1430,0.0001412881191341457,0.011887448234378796,1.0,1
1025,b0180,0.12254296071751966,0.39123948842696527,0.0,0
1026,b4194,0.0001333649632605255,0.011549358554658487,1.0,1
1027,b3063,0.00014352200152438393,0.011981265396823286,1.0,1
1028,b0674,0.0001640747628213786,0.01281061375348108,1.0,1
1029,b2428,0.00014722420354388834,0.01213494101199411,1.0,1
1030,b2917,0.00014084761145170084,0.011869146324828396,1.0,1
1031,b0315,0.00016582679982346204,0.012878693537176952,1.0,1
1032,b1033,0.00016498901286635123,0.012845949214476656,1.0,1
1033,b1054,0.00014286314333343447,0.011953585854704359,1.0,1
1034,b3240,0.00014216856953978426,0.011924693166985743,1.0,1
1035,b3833,0.00017529895653130902,0.013241678287096577,1.0,1
1036,b0632,0.0001552138019172823,0.012459697985345445,1.0,1
1037,b0727,0.00013803549197450332,0.011749956130234367,1.0,1
1038,b3749,0.00016614160506923367,0.01289067505214663,1.0,1
1039,b1736,0.00013661833664515178,0.01168951289270295,1.0,1
1040,b4544,0.00013587738955694878,0.011657662945096878,1.0,1
1041,b0341,0.00014541718970886402,0.012060167129459402,1.0,1
1042,b2039,0.00015228364744976044,0.012341519306179402,1.0,1
1043,b2290,0.00014660611982737895,0.012108950535981145,1.0,1
1044,b3543,0.00014100066163177163,0.01187545937216902,1.0,1
1045,b1453,0.00013234956934445234,0.011505222580744549,1.0,1
1046,b3385,0.00016323750498550794,0.01277766825783999,1.0,1
1047,b1363,0.00016159380059621622,0.012713528099300915,1.0,1
1048,b1603,0.00014318609456092903,0.011967205012036485,1.0,1
1049,b2498,0.00014441462780546456,0.012018437345418704,1.0,1
1050,b3132,0.00017038423284016416,0.013054424611207155,1.0,1
1051,b0010,0.00013487699038755615,0.011614875719023534,1.0,1
1052,b0766,0.00015447544919843762,0.012429822501584897,1.0,1
1053,b3751,0.00017271274035552482,0.013143071961895465,1.0,1
1054,b0752,0.00014304927103403963,0.011961225566353118,1.0,1
1055,b4088,0.00013941150719238882,0.011808311022094722,1.0,1
1056,b3403,0.00014390495895154657,0.011997169132177257,1.0,1
1057,b1226,0.00014774288618185757,0.01215626345651667,1.0,1
1058,b1832,0.00015103307708230263,0.012290915880945412,1.0,1
1059,b1515,0.00015671081741525648,0.01251970543509016,1.0,1
1060,b3794,0.0001616122529871616,0.01271394539443715,1.0,1
1061,b3266,0.00013792041987236141,0.011745143014477618,1.0,1
1062,b4031,0.00013918434166673948,0.01179872776880377,1.0,1
1063,b3359,0.00016854404792143547,0.012983686556243873,1.0,1
1064,b0452,0.00016224756583553594,0.012738948101927425,1.0,1
1065,b2888,0.0001530975386694016,0.012374533689814634,1.0,1
1066,b0401,0.0001699650517640864,0.013037986674220898,1.0,1
1067,b0036,0.0001336041404298315,0.011559597716936513,1.0,1
1068,b1870,0.0001412899233023435,0.011887811018959171,1.0,1
1069,b0009,0.00015069265410075244,0.012276822536331142,1.0,1
1070,b4239,0.00013766081930737805,0.011734087467459775,1.0,1
1071,b2414,0.008004280899560848,0.0897419424754674,0.0,0
1072,b4177,0.14753520553264757,0.4383012478433236,0.0,0
1073,b3197,0.00017819270832312924,0.01335046857234708,1.0,1
1074,b0181,0.3773877750784089,0.7044892516960058,0.0,0
1075,b0207,0.00016928199452067243,0.013012213390779556,1.0,1
1076,b0114,0.00012629837438221151,0.011239039080013351,1.0,1
1077,b0512,0.00013402986812636455,0.011578134444396475,1.0,1
1078,b2393,0.00016379077486871924,0.012799476197177344,1.0,1
1079,b2582,0.00029200376159885607,0.01709901414757276,1.0,1
1080,b3857,0.0001439259524566699,0.011997991228909943,1.0,1
1081,b1617,0.00014393403309381032,0.011998432679823742,1.0,1
1082,b3415,0.00018790921842686478,0.013709869746637572,1.0,1
1083,b4153,0.00014382333095853871,0.01199386091595224,1.0,1
1084,b2813,0.0001598363189718352,0.012643841896435908,1.0,1
1085,b1917,0.00014830996318259976,0.012179309084772653,1.0,1
1086,b1392,0.00013941314957288147,0.011808535478226896,1.0,1
1087,b4367,0.00017065891553231654,0.01306495448080432,1.0,1
1088,b0469,0.00014549334809396545,0.012063157733554519,1.0,1
1089,b3475,0.00018687727305553926,0.013671732976852537,1.0,1
1090,b2788,0.00015900385988335065,0.012610771772256687,1.0,1
1091,b4136,0.0001522184716782019,0.012338946291657936,1.0,1
1092,b3350,0.0001803267912436784,0.013430539257354183,1.0,1
1093,b4019,0.00017228907716338257,0.01312709605920999,1.0,1
1094,b3726,0.00015016781642142112,0.012255535475814011,1.0,1
1095,b4084,0.014500818610358908,0.12121423329578375,0.0,0
1096,b0594,0.00017962769056221252,0.013403968641537539,1.0,1
1097,b3236,0.00013568683983851589,0.01164962422768505,1.0,1
1098,b4268,0.00015039422265396906,0.012264691084319098,1.0,1
1099,b3892,0.0001387398008758989,0.01177971226345643,1.0,1
1100,b0394,0.0001566094094429585,0.012515643210494786,1.0,1
1101,b1686,0.0001599909096319161,0.012649801171680951,1.0,1
1102,b4464,0.00015660104311341396,0.012515051148504113,1.0,1
1103,b1091,0.001251976456629206,0.035406654728439534,1.0,1
1104,b3003,0.0001506247554091148,0.012274101370394723,1.0,1
1105,b3213,0.00013833531317463684,0.011762774978425823,1.0,1
1106,b2010,0.00015245924787077596,0.01234855674731675,1.0,1
1107,b3603,0.0001761268241783616,0.0132725865727845,1.0,1
1108,b4086,0.0001258828085080032,0.011220798851206422,1.0,1
1109,b2169,0.00013457167039899337,0.011601739064572687,1.0,1
1110,b0477,0.00013538031591783664,0.01163637964836272,1.0,1
1111,b1337,0.00014847240133958382,0.012186005375246691,1.0,1
1112,b3125,0.00013986319319599463,0.011827183572028164,1.0,1
1113,b1394,0.0001436109286363136,0.01198483119034462,1.0,1
1114,b0754,0.00018923767394642837,0.013757721362996338,1.0,1
1115,b1623,0.0001427605872034307,0.011949308220130624,1.0,1
1116,b1062,0.3438437802157296,0.6738854898636296,0.0,0
1117,b1443,0.000166721825308537,0.012913439217079778,1.0,1
1118,b2719,0.00016454042935199164,0.012828583487147039,1.0,1
1119,b3519,0.00014971518618781893,0.012237153495916616,1.0,1
1120,b1748,0.00014568706985707886,0.012071329075006113,1.0,1
1121,b1694,0.00019630254805554694,0.014012190736871879,1.0,1
1122,b1655,0.0001401018900908964,0.011837228557055863,1.0,1
1123,b1761,0.0001429938422919931,0.01195895480067534,1.0,1
1124,b2901,0.0001565980412938411,0.012515299921815496,1.0,1
1125,b0070,0.00018739406323286446,0.013690707406411932,1.0,1
1126,b0613,0.00015440105399622392,0.012427109579182218,1.0,1
1127,b2092,0.00013843143442934775,0.011766848468324483,1.0,1
1128,b3450,0.00014503145665960239,0.012044150200672408,1.0,1
1129,b2130,0.00011522163576049294,0.010734659674597965,1.0,1
1130,b0002,0.011600442229791633,0.10818735867549051,0.0,0
1131,b2784,0.00014586798024396805,0.012078818017303318,1.0,1
1132,b3488,0.00015140501745579784,0.01230583886948434,1.0,1
1133,b0844,0.00015880894824695557,0.01260317192669919,1.0,1
1134,b3843,0.2514930743473481,0.5780524180612236,0.0,0
1135,b4388,0.04451789799692803,0.22623697798821132,0.0,0
1136,b3428,0.00015782247307711292,0.012564118299712539,1.0,1
1137,b1319,0.00014178226435566238,0.011908209857036943,1.0,1
1138,b4106,0.00012395790006523188,0.011134430681254835,1.0,1
1139,b1474,0.00017110084283793723,0.013081866777459558,1.0,1
1140,b3883,0.0001460984684097544,0.012088336373106943,1.0,1
1141,b2025,0.13847269735808737,0.4237952211919296,0.0,0
1142,b0038,0.00014306847906152409,0.011962214293879699,1.0,1
1143,b3567,0.00014562602457508198,0.012068776727957383,1.0,1
1144,b3571,0.00013283664002896215,0.011526712250977048,1.0,1
1145,b0692,0.0001705185562912264,0.013059487967742076,1.0,1
1146,b3875,0.00014404794544066931,0.012003246178406191,1.0,1
1147,b0830,0.0001390879044167559,0.011794405744316937,1.0,1
1148,b0628,0.021473964987437227,0.14818541927032156,0.0,0
1149,b2934,0.00015966113528419939,0.012636622020166938,1.0,1
1150,b1746,0.0001449286689835698,0.012039709816844211,1.0,1
1151,b3966,0.033612812791832584,0.18465006004906556,0.0,0
1152,b3012,0.00016240523468811054,0.012745172877192408,1.0,1
1153,b0403,0.0001399809082646491,0.01183243130362373,1.0,1
1154,b2400,0.2428588915480683,0.5701369955901154,0.0,0
1155,b0085,0.1613783003800607,0.46083250303026474,0.0,0
1156,b4101,0.00014396605568661638,0.011999501227527987,1.0,1
1157,b4323,0.00014866310592946076,0.012193864668609347,1.0,1
1158,b0432,0.00014228975684324636,0.011929720529022487,1.0,1
1159,b0523,0.2540600265255088,0.5780984515406358,0.0,0
1160,b0212,0.0001487150185647343,0.012196153355453621,1.0,1
1161,b0805,0.00014354762405872744,0.011982045134773047,1.0,1
1162,b3176,0.33913269913009036,0.6691333218689319,0.0,0
1163,b0652,0.0001528356977987479,0.012363912074597314,1.0,1
1164,b0084,0.367542160387937,0.6957823994200287,0.0,0
1165,b0588,0.22488900729930594,0.5452549566148991,0.0,0
1166,b1301,0.00014263190552228638,0.011943810045550248,1.0,1
1167,b2288,0.00013431645353531287,0.011590453625176132,1.0,1
1168,b3223,0.00013725730904652427,0.011716871207786802,1.0,1
1169,b0221,0.00016316425222602288,0.012774749502590348,1.0,1
1170,b1662,0.23831591971124616,0.5631523430489775,0.0,0
1171,b2701,0.00014227262448434044,0.011928654270742942,1.0,1
1172,b1684,0.025564695538399452,0.16170672593791177,0.0,0
1173,b3225,0.00014211077173615863,0.011922312985755518,1.0,1
1174,b4090,0.0001417569398253993,0.011907359046501236,1.0,1
1175,b2710,0.00012691558905316894,0.011266825497370032,1.0,1
1176,b0936,0.00013287275149745164,0.011527991160131186,1.0,1
1177,b3715,0.00016544294703566437,0.012863591458532704,1.0,1
1178,b1101,0.0001515267432132199,0.01231048775933209,1.0,1
1179,b2052,0.0001517876403298412,0.012321307318137492,1.0,1
1180,b0463,0.00015396815515187625,0.012409397090524974,1.0,1
1181,b1395,0.00014415120446407178,0.012007330662172926,1.0,1
1182,b1702,0.00014077946819943306,0.011866094481714813,1.0,1
1183,b3750,0.00017252768965395976,0.013136051004974834,1.0,1
1184,b1518,0.00013747524142179948,0.011726193700870158,1.0,1
1185,b1291,0.00014865063453829578,0.01219340020255704,1.0,1
1186,b2035,0.0001411720853586648,0.011882776309243712,1.0,1
1187,b1389,0.00013639744287389515,0.011680115876937515,1.0,1
1188,b0465,0.0001582167010537229,0.012579390294350363,1.0,1
1189,b2997,0.00017947350502725676,0.013398271012792872,1.0,1
1190,b1601,0.00014092161888879548,0.01187213907096272,1.0,1
1191,b4481,0.00015394506169649368,0.012408626164853748,1.0,1
1192,b1519,0.00013101729520668634,0.011447344832669437,1.0,1
1193,b0025,0.2538048299246993,0.5802670906369105,0.0,0
1194,b0054,0.36865101278930246,0.696763632153661,0.0,0
1195,b0077,0.00015808305809764586,0.012574085222314228,1.0,1
1196,b3621,0.00015452486048237672,0.012431878286823501,1.0,1
1197,b0104,0.00014795129063989164,0.012164641033615477,1.0,1
1198,b1469,0.00013693851279983146,0.011703363810770858,1.0,1
1199,b3829,0.014663212600672347,0.12171311395811779,0.0,0
1200,b2796,0.000147259292495801,0.012135930154871398,1.0,1
1201,b0825,0.00014671213286408184,0.012113484894503267,1.0,1
1202,b3525,0.0002158398726021467,0.01469352931209673,1.0,1
1203,b1584,0.00014105536421037525,0.011877795249754122,1.0,1
1204,b1124,0.00015899048474267,0.012610269461488974,1.0,1
1205,b1701,0.0001517022463023941,0.012318074938638669,1.0,1
1206,b4025,0.027745677003191565,0.1680831653875108,0.0,0
1207,b4055,0.0001320253276252664,0.011491369100650885,1.0,1
1208,b1393,0.00013388684381360937,0.011571952585949424,1.0,1
1209,b1896,0.0001312979135688833,0.011459610717590855,1.0,1
1210,b0678,0.0001488294980083369,0.012200890956656057,1.0,1
1211,b3198,0.0005718371146718174,0.023918416927298066,1.0,1
1212,b0615,0.00014867719956919426,0.012194553257730629,1.0,1
1213,b3241,0.00013133729917436053,0.011461217792202385,1.0,1
1214,b2930,0.00014032719220289882,0.01184718684128156,1.0,1
1215,b1441,0.0001800060030594192,0.013418194076472151,1.0,1
1216,b0120,0.00013941143659466286,0.011808152363696785,1.0,1
1217,b2708,0.00017758981987824935,0.013327855967735378,1.0,1
1218,b3945,0.0001520492966793617,0.012332044937784413,1.0,1
1219,b3787,0.00014829539278615866,0.012179008954110882,1.0,1
1220,b2470,0.00014941262186028578,0.01222468903685129,1.0,1
1221,b0720,0.21842031340507545,0.5405806447762493,0.0,0
1222,b2281,0.00013865600753635253,0.011776267659212943,1.0,1
1223,b1012,0.00014820403265429754,0.012175186209576147,1.0,1
1224,b3779,0.00016942551531010357,0.01301753729362266,1.0,1
1225,b1592,0.0001526273250456203,0.012355550576571452,1.0,1
1226,b0343,0.00021974552290126691,0.014827638569511187,1.0,1
1227,b0904,0.0001859944287448688,0.013639585354060424,1.0,1
1228,b0383,0.00014177185891708707,0.011907910732614487,1.0,1
1229,b1025,0.00011440350197105439,0.010696538757065487,1.0,1
1230,b3831,0.00014553185293540933,0.01206479213049321,1.0,1
1231,b2868,0.00013842215699240922,0.011766548888190714,1.0,1
1232,b3665,0.0001580995111627055,0.012575121745574803,1.0,1
1233,b2038,0.00015384130607874036,0.012404507570159918,1.0,1
1234,b0857,0.0001565542647593939,0.012513491331407667,1.0,1
1235,b3727,0.00014073531664723845,0.011864358492553774,1.0,1
1236,b2541,0.00014963175923070885,0.01223363701719113,1.0,1
1237,b2913,0.13191002197234214,0.41356791214052585,0.0,0
1238,b2282,0.00014034906161026892,0.011848080637389976,1.0,1
1239,b2096,0.00018553904859802266,0.01362256513090239,1.0,1
1240,b3960,0.3095256680337729,0.6410222370728864,0.0,0
1241,b2751,0.4249835840776107,0.7484327243649446,0.0,0
1242,b2104,0.00014766793654730554,0.012153096605045516,1.0,1
1243,b0260,0.00015527553299537805,0.012462053995631042,1.0,1
1244,b4265,0.0001505391781747164,0.012270691172938776,1.0,1
1245,b3386,0.00014422926222003172,0.012010601130871072,1.0,1
1246,b3790,0.00014947979185208742,0.012227518711330276,1.0,1
1247,b3477,0.00015296908214072774,0.01236874588909381,1.0,1
1248,b0521,0.00016672848967736042,0.012913763532509441,1.0,1
1249,b0211,0.0001639566900878605,0.012805899844065704,1.0,1
1250,b3617,0.00013628617310544334,0.01167538700008954,1.0,1
1251,b0049,0.00013671161194714506,0.011693466592119317,1.0,1
1252,b0314,0.00018610147013471286,0.013643237117585241,1.0,1
1253,b3907,0.00013632486256934693,0.011676956071742097,1.0,1
1254,b1638,0.05701077948268719,0.25032075022367317,0.0,0
1255,b2065,0.00013400237373699272,0.011577140329941333,1.0,1
1256,b3909,0.00013038239607336018,0.011419649733549512,1.0,1
1257,b2677,0.0001365776846161445,0.011687696092793997,1.0,1
1258,b2053,0.00014179388697919227,0.011908752660094796,1.0,1
1259,b0166,0.2545991503072853,0.5824890945466762,0.0,0
1260,b3918,0.00016296842280791025,0.01276720625052285,1.0,1
1261,b2720,0.0001660394928348075,0.012886854892825858,1.0,1
1262,b3541,0.00013632986621437722,0.011677097936228318,1.0,1
1263,b3447,0.000139178606214034,0.011798290012228633,1.0,1
1264,b2320,0.026284449805468103,0.16354581985377037,0.0,0
1265,b2032,0.00013836780341988127,0.01176417959792399,1.0,1
1266,b3893,0.00014654086963006763,0.012106173546618915,1.0,1
1267,b3578,0.0001457656775050922,0.012074622365880786,1.0,1
1268,b3542,0.00014027183035189865,0.011844881172945583,1.0,1
1269,b3583,0.00014593420495353466,0.012081438091902656,1.0,1
1270,b0653,0.0001559056231930208,0.012487466630699327,1.0,1
1271,b1093,0.3722118453255906,0.7000202545537638,0.0,0
1272,b0861,0.0001704640357987129,0.013057123130236237,1.0,1
1273,b4054,0.00016849483083274596,0.012982142174185175,1.0,1
1274,b4099,0.0001442219695176169,0.012010452248012197,1.0,1
1275,b0308,0.00016256747855438003,0.012751306812268335,1.0,1
1276,b0654,0.00016022539852619935,0.01265927501395785,1.0,1
1277,b4287,0.0001272870785407805,0.011282993643652121,1.0,1
1278,b2882,0.00015713452680213286,0.01253665561325677,1.0,1
1279,b0596,0.00014642978030399612,0.012102058251078488,1.0,1
1280,b2794,0.00014244323669847185,0.011936191869505619,1.0,1
1281,b1679,0.00015371205410012485,0.012399227622665852,1.0,1
1282,b4036,0.00015954031642323856,0.01263225067767764,1.0,1
1283,b2201,0.00013291931887796449,0.011530278559297598,1.0,1
1284,b4042,0.00016852902891465577,0.012983318005300849,1.0,1
1285,b0423,0.23599535016618917,0.5603734677276588,0.0,0
1286,b3224,0.00014785925001117032,0.012160921948888702,1.0,1
1287,b0972,0.00016995225996597975,0.013037740452918329,1.0,1
1288,b0963,0.0001277677879120373,0.011304200094908233,1.0,1
1289,b1744,0.00014763023353869662,0.012151672241496388,1.0,1
1290,b1262,0.33828873961920825,0.6687603177337083,0.0,0
1291,b2711,0.00014016297248502506,0.011840095601078236,1.0,1
1292,b3540,0.00015738352715680316,0.012546562656777784,1.0,1
1293,b2417,0.00015347486639223,0.012389671393831158,1.0,1
1294,b2467,0.00014407206480278803,0.012004274181381414,1.0,1
1295,b4468,0.00014735804593469848,0.012140132588325116,1.0,1
1296,b3915,0.0001632500474988073,0.012778030662956382,1.0,1
1297,b2838,0.24467685699681407,0.5703597338709355,0.0,0
1298,b1661,0.00013950595895795384,0.011812478106721909,1.0,1
1299,b3771,0.2127519535937244,0.5325984593797705,0.0,0
1300,b3577,0.00014919138618709453,0.012215629475147743,1.0,1
1301,b0331,0.00014955186533404524,0.012230462774524714,1.0,1
1302,b4092,0.00013620925475659932,0.011672017223930797,1.0,1
1303,b2893,0.0001423172347772107,0.011930780404348825,1.0,1
1304,b2781,0.000154091887775884,0.012414553025570048,1.0,1
1305,b2716,0.0001472136975750086,0.012134596657744098,1.0,1
1306,b1872,0.00013620805706627344,0.011671978564953476,1.0,1
1307,b0198,0.0001483115694365085,0.012179462926131885,1.0,1
1308,b2179,0.00016143255316172387,0.012707090269396143,1.0,1
1309,b4141,0.00015199808638327242,0.012329945674602067,1.0,1
1310,b3058,0.14455677924249627,0.43574829742083254,0.0,0
1311,b2988,0.00014950849831805665,0.012228648364497803,1.0,1
1312,b2392,0.00012620926897033443,0.011235234573503663,1.0,1
1313,b2705,0.00013656579639566676,0.01168735051577212,1.0,1
1314,b3137,0.000152110629409487,0.012334622803633151,1.0,1
1315,b3735,0.00016192008686098793,0.012725955258883965,1.0,1
1316,b2501,0.00012669592707062417,0.01125639656746749,1.0,1
1317,b2564,0.3412166107031427,0.6705182423111733,0.0,0
1318,b4219,0.0001440257346237689,0.012002012069543523,1.0,1
1319,b0459,0.0001513978905640183,0.01230556787603548,1.0,1
1320,b2264,0.00014374077670260696,0.011990451860009499,1.0,1
1321,b4104,0.0001442373583080335,0.012011116815978919,1.0,1
1322,b3029,0.00017151094110608473,0.013097544227471622,1.0,1
1323,b0638,0.00015948064833656308,0.012629968456709217,1.0,1
1324,b0200,0.00014942023735020187,0.012225022174176889,1.0,1
1325,b2523,0.0001841251706352023,0.013570808593417076,1.0,1
1326,b0186,0.00017086460985988263,0.013073017266535895,1.0,1
1327,b4161,0.00013725508440526145,0.011716795260361004,1.0,1
1328,b4266,0.00013584554766430678,0.011655919500714625,1.0,1
1329,b0933,0.00013793793157671597,0.011745613006796848,1.0,1
1330,b0616,0.00015009369708641405,0.012252484291847401,1.0,1
1331,b0311,0.0001425523693565543,0.011940734434060263,1.0,1
1332,b4321,0.00014846485030167592,0.012185813700447811,1.0,1
1333,b4095,0.00014682074370589681,0.012118202475315937,1.0,1
1334,b0175,0.25593289511939793,0.5828381385594257,0.0,0
1335,b0732,0.00013267386589655772,0.011519588380076206,1.0,1
1336,b0116,0.05617116116075759,0.24586843654884247,0.0,0
1337,b3737,0.00014349374479201063,0.011979935766365243,1.0,1
1338,b2918,0.00014878867693640893,0.012198984667893459,1.0,1
1339,b1391,0.00013806538130870676,0.011751306337953387,1.0,1
1340,b0158,0.00015030394137142207,0.01226095069790667,1.0,1
1341,b3666,0.00014828880200469345,0.012178654614453612,1.0,1
1342,b0325,0.00014594990805747089,0.01208210249722018,1.0,1
1343,b4073,0.00015130568745581364,0.012301840991019986,1.0,1
1344,b2914,0.0001806978149201939,0.013443628762242671,1.0,1
1345,b0429,0.000143009051511857,0.011959795502518002,1.0,1
1346,b4471,0.00014593945556799597,0.012081968210037713,1.0,1
1347,b0425,0.0001592259379238235,0.012619922945842538,1.0,1
1348,b0597,0.00014634798963110277,0.01209846626276508,1.0,1
1349,b1732,0.00014463574652513481,0.012027250474789156,1.0,1
1350,b1798,0.00016525226067122978,0.012856483267498395,1.0,1
1351,b3456,0.0001415052873853931,0.011896877097450628,1.0,1
1352,b2661,0.00017219302901214908,0.01312325157988544,1.0,1
1353,b0887,0.0005825695516781598,0.0241405118794977,1.0,1
1354,b4390,0.00015872409893837058,0.012600019211786988,1.0,1
1355,b2224,0.00015736439512588146,0.01254577748122509,1.0,1
1356,b3182,0.00015106853174937565,0.012292182384834401,1.0,1
1357,b1094,0.3180213138288,0.6490992694160167,0.0,0
1358,b1241,0.0001359437504383566,0.011660104547929881,1.0,1
1359,b0759,0.0001407695653081027,0.01186581005331222,1.0,1
1360,b1901,0.00014517441504291402,0.012050039955839809,1.0,1
1361,b2503,0.00013470630155013006,0.01160696400627932,1.0,1
1362,b1723,0.00016037039969974147,0.01266502192390851,1.0,1
1363,b4094,0.0001392729999471841,0.011802407204127978,1.0,1
1364,b4311,0.00013701741175898392,0.011706429419334972,1.0,1
1365,b0657,0.013736330411389469,0.11807272205582571,0.0,0
1366,b2563,0.010712683994502911,0.10405441637300165,0.0,0
1367,b0349,0.00016390003642366576,0.012803438387356118,1.0,1
1368,b2764,0.34028998715779213,0.6702646079442719,0.0,0
1369,b2574,0.32842614759785743,0.6596193119510966,0.0,0
1370,b0121,0.00013445365049655715,0.011596346649506439,1.0,1
1371,b3919,0.05561021824807559,0.23914304443759626,0.0,0
1372,b1993,0.0001419736567137206,0.011916507734914344,1.0,1
1373,b0335,0.00015350975493109265,0.012391356787301328,1.0,1
1374,b0980,0.0001421728292723619,0.011924878876586126,1.0,1
1375,b4476,0.00015742527406972692,0.012547995409415478,1.0,1
1376,b2263,0.00016774104865057882,0.01295302233670221,1.0,1
1377,b2286,0.00012997482415177204,0.01140154313963615,1.0,1
1378,b3126,0.00013532518161913788,0.011633739512078566,1.0,1
1379,b0353,0.0001401394054907587,0.011839359988220997,1.0,1
1380,b0614,0.00014222427906897785,0.011926780487044573,1.0,1
1381,b4159,0.00015431063820740717,0.012423342194067887,1.0,1
1382,b2989,0.00014318939848968185,0.011967150809351358,1.0,1
1383,b2938,0.0001422042717401458,0.011925978856345429,1.0,1
1384,b0417,0.2811339476623142,0.6108651307718036,0.0,0
1385,b4005,0.1981227480095064,0.516478682310219,0.0,0
1386,b0090,0.3615014689746322,0.6904744701599642,0.0,0
1387,b1817,0.00014248690982578778,0.011938001376605506,1.0,1
1388,b0721,0.00016468677922039138,0.012834126944276237,1.0,1
1389,b0418,0.009294797835118152,0.09675931771337966,0.0,0
1390,b4079,0.0001681605442632323,0.012968799337282606,1.0,1
1391,b1103,0.00014918769838925816,0.012215511537806282,1.0,1
1392,b4152,0.00017250020963819563,0.013135442436635168,1.0,1
1393,b3575,0.00013395501401359215,0.011574951801496886,1.0,1
1394,b3199,0.3537996765136824,0.6830771263610652,0.0,0
1395,b1859,0.00013825125455948378,0.011759104775237464,1.0,1
1396,b0860,0.00014968290237209823,0.012235746023911876,1.0,1
1397,b1109,0.0001742964159137313,0.01320301048198172,1.0,1
1398,b0402,0.00014942676154276171,0.012225319195937157,1.0,1
1399,b3431,0.0001416447191352562,0.011902642605710907,1.0,1
1400,b3908,0.00016568244015216532,0.012873246021145862,1.0,1
1401,b0336,0.00014474035443261385,0.012032026202531848,1.0,1
1402,b2133,0.00012321435610286377,0.011100871156956932,1.0,1
1403,b3291,0.00019387182662221694,0.013925213928622482,1.0,1
1404,b0808,0.0001735547055053889,0.013175297969586214,1.0,1
1405,b2174,0.00013760645451365574,0.011731718108575569,1.0,1
1406,b1475,0.00016947641352024813,0.013019609222453597,1.0,1
1407,b0522,0.30385246433342017,0.6349950699274406,0.0,0
1408,b3952,0.00015418723098606436,0.01241823575004459,1.0,1
1409,b0415,0.27391517462290493,0.6030990992404499,0.0,0
1410,b4245,0.20095426784237053,0.5144644664902904,0.0,0
1411,b0333,0.00016971645403952398,0.013028816674693838,1.0,1
1412,b4269,0.0001660198027592372,0.012886109781631107,1.0,1
1413,b4132,0.00014404151429671256,0.012002780009689488,1.0,1
1414,b0462,0.00015066222437716526,0.01227549309128576,1.0,1
1415,b2780,0.1573595116722165,0.4566264911200135,0.0,0
1416,b2223,0.00014283462958298811,0.01195231124151663,1.0,1
1417,b1247,0.00017808448599900152,0.013346309554985728,1.0,1
1418,b0764,0.0001292455753425161,0.011369453255098218,1.0,1
1419,b1865,0.009429775602410834,0.09749484145644169,0.0,0
1420,b2483,0.00018561983234369433,0.013626191163950002,1.0,1
1421,b0728,0.00015651874062491247,0.012511902399751359,1.0,1
1422,b2028,0.0001480559121262192,0.0121691481702687,1.0,1
1423,b3804,0.2979843885006093,0.6286775339599175,0.0,0
1424,b4289,0.00013425026040146502,0.011587661368912008,1.0,1
1425,b3806,0.0001537289362364499,0.012400015529198125,1.0,1
1426,b0875,0.00016701822231483983,0.012924764526599181,1.0,1
1427,b1492,0.0001563181411924486,0.012504011300277635,1.0,1
1428,b0133,0.0014800273674291302,0.038484405536372474,1.0,1
1429,b3713,0.0002612093553838109,0.01616880445663345,1.0,1
1430,b2481,0.00016958162477296012,0.01302346628417862,1.0,1
1431,b0185,0.43954260382628557,0.7586756456498922,0.0,0
1432,b0765,0.00013991105266478437,0.011829441920309497,1.0,1
1433,b4231,0.0002114942381950382,0.014544388739734496,1.0,1
1434,b0635,0.3814108389032347,0.708928085313576,0.0,0
1435,b4237,0.0001705393061580274,0.01306043291509761,1.0,1
1436,b3972,0.3258363347797232,0.657370617681901,0.0,0
1437,b3544,0.00013047918361427135,0.011423691885687128,1.0,1
1438,b0997,0.0001615514914745691,0.012711383433004896,1.0,1
1439,b3366,0.00012906545243392532,0.011361766405602148,1.0,1
1440,b1123,0.00013638804606411653,0.01167962463520179,1.0,1
1441,b2425,0.01181986408139794,0.10966971293332803,0.0,0
1442,b3062,0.00013222396976403947,0.011499817526330716,1.0,1
1443,b2943,0.00014353269784449116,0.011981606377339698,1.0,1
1444,b0595,0.00014418471958790532,0.012008619685037797,1.0,1
1445,b2763,0.3958092067232986,0.7208868369465854,0.0,0
1446,b0484,0.00015192826749484627,0.012327178594589107,1.0,1
1447,b2374,0.00013280379720971534,0.011524888705466965,1.0,1
1448,b0886,0.019181890152994933,0.1393380820572248,0.0,0
1449,b4146,0.00014223712269674968,0.011927618164152063,1.0,1
1450,b0004,0.1807537000706123,0.48778570961447515,0.0,0
1451,b4139,0.00015120532239406925,0.01229771827475945,1.0,1
1452,b1640,0.00014861230979037684,0.012191963750193043,1.0,1
1453,b0505,0.0001792285277430385,0.013389073756866406,1.0,1
1454,b2256,0.00012177582633828352,0.011035820466754876,1.0,1
1455,b2254,0.00014682751089183468,0.012118441788351388,1.0,1
1456,b2022,0.4043901006556772,0.7283779061891812,0.0,0
1457,b3930,0.00013242511586856548,0.011508596508971602,1.0,1
1458,b3725,0.00014889582531452412,0.012203508871515455,1.0,1
1459,b0153,0.00015770360591366595,0.012559284942961355,1.0,1
1460,b0584,0.00021396383728568283,0.01462903154909177,1.0,1
1461,b4085,0.00014814987995427097,0.012172871663301568,1.0,1
1462,b3996,0.00014131643363653957,0.011889078115308531,1.0,1
1463,b0173,0.2148469751445651,0.537283563698162,0.0,0
1464,b0381,0.00013811407780728576,0.011753466704115029,1.0,1
1465,b0968,0.0002431180888758868,0.015595177310793079,1.0,1
1466,b2344,0.00013963049257280548,0.011817537268982334,1.0,1
1467,b1415,0.00015221164769600804,0.012338757663250257,1.0,1
1468,b0750,0.18629622380985145,0.4945954985411169,0.0,0
1469,b3425,0.0001598780750783825,0.012645556668270932,1.0,1
1470,b3625,0.00013562889170138287,0.011646910230994834,1.0,1
1471,b1814,0.00017768334175791763,0.013331114220974627,1.0,1
1472,b1004,0.0001656428174027724,0.012871680409617578,1.0,1
1473,b0755,0.00014919747979445864,0.012215739851690673,1.0,1
1474,b0509,0.00015970893115836352,0.012638820698742127,1.0,1
1475,b1296,0.00016363828844987864,0.012793225548511832,1.0,1
1476,b2329,0.3634701950795557,0.6920000362066275,0.0,0
1477,b0019,0.00015340447154221722,0.012386881434591485,1.0,1
1478,b2128,0.00015935048118469045,0.012624678353735432,1.0,1
1479,b3630,0.00013308511214805204,0.01153748062938581,1.0,1
1480,b1800,0.00014661619780263318,0.012109795162229984,1.0,1
1481,b3365,0.00013357795417902823,0.011558798731647545,1.0,1
1482,b3894,0.00017816612686822318,0.013349053480348852,1.0,1
1483,b3946,0.00015668654018264895,0.01251887420557782,1.0,1
1484,b2521,0.00014231507231108681,0.01193051200460728,1.0,1
1485,b1606,0.00013670357364300084,0.011693249649701502,1.0,1
1486,b3940,0.011846295979616422,0.10935704921210254,0.0,0
1487,b4232,0.0001701665002729852,0.013045990559967592,1.0,1
1488,b0411,0.00014042311896790273,0.011851210254701405,1.0,1
1489,b2341,0.00017172285605230925,0.013105426695522747,1.0,1
1490,b0066,0.00013887130761249848,0.011785467843984827,1.0,1
1491,b1468,0.00018709440168788077,0.013679568206350945,1.0,1
1492,b3035,0.00014111207581684633,0.011879519055682118,1.0,1
1493,b2373,0.00014366277648892694,0.011987006829769024,1.0,1
1494,b1236,0.00016851911107706872,0.012982961098090832,1.0,1
1495,b2727,0.0001437457428166189,0.011990037871781418,1.0,1
1496,b3416,0.00013443226471552026,0.011595535732603515,1.0,1
1497,b4474,0.0001351235739073818,0.01162526529838762,1.0,1
1498,b0573,0.00014646065662999149,0.012103307729053402,1.0,1
1499,b3639,0.2641776941471274,0.5936467352456357,0.0,0
1500,b3739,0.00016957428566240278,0.013023276179224039,1.0,1
